ㅌ,직종명,직업코드,skill
11100,의회의원·고위공무원 및 공공단체임원,11102,"공무원 공개채용시험, 특별채용시험, 학력, 경력, 응시자격, 지역거주자, 사설학원, 독학, 시험준비, 시험성적, 훈련성적, 적성, 임용, 승급, 승진, 국가공무원법"
11200,기업 고위임원,11201,"비즈니스능력, 의사결정능력, 정보 수집능력, 리더십, 협상능력, 외국어 능력"
12100,정부행정 관리자,12101,"행정학, 법학, 경영학, 경제학, 회계학, 세무학, 교육학"
12200,경영지원 관리자,12201,"경영지원, 경제학과, 경영학과, 무역학과, 회계학과, 행정학과, 비서행정학과 , 관리자 역량을 키우기 위한 관리자 교육 수강 경험"
12300,마케팅·광고·홍보 관리자(부서장),12301,"기획, 홍보, 광고관리, 대중매체, 커뮤니케이션, 마케팅, 설득, 광고, 홍보캠페인, 실무 경험"
12400,금융·보험 관리자(부서장),12402,"보험분야에서의 근무경험, 팀장, 영업소장, 국장(지점장) 관리 경험, 인사와 교육업무 수행 경험, 상업계 고등학교 금융정보과, 보험학과, 금융학과, 보험금융학과 등의 학과, 보험중개사, 보험설계사, 변액보험판매자 등의 자격"
13100,연구 관리자,13101,"연구 경험, 실적, 사람들과 자원 혹은 일정을 관리하는 능력"
13200,교육 관리자(부서장),13204,"학식과 덕망, 행정경험"
13300,법률·경찰·소방·교도 관리자,13305,"경찰간부후보생시험 합격, 경찰종합학교 교육,경찰대학 입학,소방직공무원 공개채용시험, 국가직 공무원 채용시험, 특별채용시험"
13400,보건·의료 관리자(부서장),13401,"진단, 처치, 간호, 치료, 건강관리 서비스, 기획, 지휘, 조정, 관리, 행정업무, 고등교육, 경영학, 의약계열"
13500,사회복지 관리자(부서장),13501,"사회복지학, 사회복지관련학, 사회복지개론, 사회복지실천방법론, 노인복지론, 아동복지론, 장애인복지론, 가족복지론, 사회복지사업의 실무 경험, 정신보건사회복지사 자격증"
13600,예술·디자인·방송 관리자(부서장),13601,"방송제작, 언론, 영상, 광고, 영화, 공연 관련 분야에서의 경험, 관리 업무 수행, 스카우트"
13700,정보통신 관리자(부서장),13701,"전기/전자, 컴퓨터/통신, 경영/경제, 사회과학"
13901,부동산·임대업 관리자,14301,"대학졸업 이상의 학력, 실무 경력, 경험 및 기술 습득"
14100,미용·여행·숙박·스포츠 관리자,14103,"여행 관련 분야의 업무경험, 국내외 여행 경험, 여행지역에 대한 정보, 교통 및 지리에 대한 이해, 숙박 및 문화에 대한 지식, 여행안내, 여행상품개발, 여행상품기획 경험, 호텔 경영 지식, 관광학 이론, 관광산업 전반적인 지식, 호텔에서의 경력, 직원 관리 및 지시 능력, 다양한 업무 경험, 외국어 능력"
14200,음식서비스 관리자,14201,"외국어 구사능력, 사람들을 이끌고 조율할 수 있는 능력"
15100,영업·판매 관리자,15101,"경영·경제, 사회과학, 전기·전자, 기술영업, 기술영업관리"
15200,운송 관리자(부서장),15201,"필요한 기술: 운송 관리, 업무 경력, 경험 습득, 승진, 인사 제도"
16100,건설·채굴 관리자(부서장),16101,"건축 전공자, 토목, 재료, 환경공학"
16200,전기·가스·수도 관리자(부서장),16201,"전기공학, 에너지공학, 기계공학, 토목공학, 건축공학, 경영학"
16300,제조·생산 관리자,16301,"제조업체 경력, 승진, 관리, 공학계열 전공, 경영학 전공, 업무수행, 경영학 병행."
21000,정부·공공행정 전문가,21001,"행정, 법학, 경제학"
22201,인사·노무 전문가,22201,"노동법, 민법, 사회보험법, 경제학/경영학, 영어, 인사노무관리론, 행정쟁송법"
22202,HRD·교육·훈련 전문가,22202,"채용 및 배치, 노사 관계, 재교육, 상담, 직무분석, 보상"
23100,회계사,23101,"회계사 시험, 영어시험, 경영학, 경제원론, 상법, 세법개론, 회계학, 재무관리, 회계감사, 원가회계, 재무회계, 실무수습"
23200,세무사,23201,"재정학, 세법학개론, 회계학개론, 상법, 회계학, 세법학"
23301,관세사,23301,"관세사 시험, 관세법, 무역영어, 내국소비세법, 회계학, 관세법, 관세율표 및 상품학, 관세평가, 무역실무, 경영학, 경제학, 무역학, 세무(회계)학, 법학"
23401,감정평가사,23401,"감정평가사 업무에 필요한 기술: 민법, 경제학원론, 부동산학원론, 감정평가 관련 법규 이해 및 적용 능력, 회계학, 감정평가 이론, 감정평가 실무, 다양한 지식 (부동산 및 지식재산권 등)"
24200,조사 전문가,24203,"통계학, 경영학, 소비자학, 경제학, 사회학, 심리학 전공자를 우대하는 편이다. 외국어 능력, 소비자의 니즈 파악 능력, 컨설팅 능력, 시장상황 및 사회변화에 대한 관심"
24301,상품 기획자,24301,"소비자 심리 분석, 시장 흐름 파악, 유행 이끌기"
24400,행사 기획자,24404,"행사기획 업무, 실무 경력, 현장 진행요원, 행사 기획 및 운영 경험"
24402,전시·회의 기획자,24101,"경영학, 통계학, 신문방송학, 심리학, 사회학, 외국어 실력, 마케팅, 소비자행동론, 기획론"
25100,조세행정 사무원,25101,"세무 업무 수행, 세금 관련 서류 검토, 과세자료 추적, 세금 부과 및 승인 결정"
25200,관세행정 사무원,25201,"법학, 회계학, 행정학, 무역학"
25300,병무행정 사무원,25301,"지원, 합격, 배치, 공채, 특별채용"
25401,국가·지방행정 사무원,25402,"사법행정, 기술심리, 기술, 관리운영, 법원사무, 등기사무, 조사사무, 전산, 통계, 법원경위, 사서, 통역, 행정사무, 속기, 보안관리, 병기, 비상대비"
25500,공공행정 사무원,25401,"입법조사, 법안심사, 예산심사, 국정감사, 조사, 정책평가"
26101,경영 기획 사무원,26101,"경영, 경제, 법, 회계, 행정, 광고, 홍보, 무역 관련 학과 전공"
26102,마케팅·광고·홍보·상품기획 사무원,26102,"인터넷 활용능력, 컴퓨터를 활용한 문서작성능력"
26103,영업 기획·관리·지원 사무원,26103,"경영, 경제, 법, 회계, 행정, 광고, 홍보, 무역 관련 학과"
26200,인사·교육·훈련 사무원,26201,"인터넷 활용능력, 컴퓨터를 활용한 문서작성 능력"
26300,총무 사무원 및 대학 행정조교,26301,"교육수준, 경영, 경제, 법, 회계, 행정, 교육, 광고, 홍보, 무역 관련 학과, 인터넷 활용능력, 컴퓨터를 활용한 문서작성능력"
26400,감사 사무원,26401,"인터넷 활용능력, 컴퓨터를 활용한 문서작성능력"
27100,회계 사무원,27101,"회계관련 학과 졸업_거래사항 기록과 정리_ 제조원가 산출_재무제표 작성 (대차대조표, 손익계산서 등)_ 회계 관련 통계 작성_ 재무 및 결산보고서 작성_전산프로그램 활용 능력"
27200,경리 사무원,27201,전산시스템 활용능력
28100,무역 사무원,28101,"인터넷 활용능력, 컴퓨터를 활용한 문서작성능력, 외국어 능력, 무역사무 프로세스 지식, L/C업무 지식"
28201,도로 운송 사무원(배차사무 포함),28201,"인터넷 활용능력, 컴퓨터를 활용한 문서작성능력"
28202,철도·지하철 운송 사무원,28202,"인터넷 활용능력, 컴퓨터를 활용한 문서작성능력"
28203,항공 운송 사무원,28203,"인터넷 활용능력, 컴퓨터를 활용한 문서작성능력"
28204,수상 운송 사무원(해상 운송),28204,"인터넷 활용능력, 컴퓨터를 활용한 문서작성능력"
28300,자재·구매·물류 사무원,28301,"인터넷 활용능력, 컴퓨터를 활용한 문서작성 능력"
28308,물류 사무원(물류 관리사),28302,"경제학, 경영학, 무역학, 물류학, 산업공학 등 관련 분야의 전문지식_물류관리, 물류시스템, 물류관련 법규에 대한 이론적 배경지식_화물운송, 해운운송, 항공운송 등 다양한 운송 방법에 대한 이해_ 물류현장과 시장을 꿰뚫어보는 능력_물류현장의 상황을 이해하고 분석하는 능력_물류업체나 물류창고, 화물터미널 등에서의 현장 경험_영어 및 외국어 실력"
28400,생산·품질 사무원,28401,"산업공학, 생산관리, 실무 경력, 능력 인정"
29100,안내·접수원 및 전화교환원,29101,외국어 구사능력
29200,고객 상담원 및 모니터 요원,29201,"전화응대기법, 불편사항 접수요령, 화술"
29210,병원 코디네이터,29202,의료서비스에 대한 이해와 서비스 분야의 전문성
29301,통계 사무원,29303,"통계학, 자료 분석, 통계프로그램 사용"
29400,비서,29401,"워드프로세서, 엑셀, 컴퓨터 활용능력, 어학 실력"
29505,사무 보조원(공공기관),29501,"문서작성, 엑셀, 컴퓨터 활용"
29902,출판·자료 편집 사무원,29901,"마케팅 능력, 기획력, 출판그래픽 관련 프로그램 사용, 워드프로세서 및 컴퓨터 관련 자격증, 외국어 능력, 시간관리 능력"
29903,속기사,29902,"속기사 전용 속기키보드 배우기, 디지털영상속기 능력, 속기록 작성, 업무능력 배우기, 속기사 자격증 취득, 기록 중요시하는 기관에서 일하기, 공무원으로 근무하기, 프리랜서로 활동하기"
29904,행정사·문서대행자,29903,행정사 국가자격
29905,취업 알선원(직업소개소),29904,"자원봉사 활동, 상담 경험"
31100,투자·신용 분석가(애널리스트),31102,"기업회계, 재무, 현금흐름, 시장환경, 법규, 자료 해석 능력, 정보 수집"
31200,자산 운용가(펀드매니저),13201,"유치원 정교사 1급 자격증, 유치원2급 정교사 자격증, 교육경력, 유아교육학과 졸업, 재교육, 전문대학 졸업, 공무원 경력, 교육행정 경력, 장학관 경력, 교육연구관 경력"
31300,보험·금융상품 개발자,31301,"수학, 통계학, (금융)보험학, 경제학, 계리리스크관리, 보험수리학, 연금수리학, 계리모형론, 재무관리 및 금융공학"
31400,증권·외환 딜러,31401,"데이터 분석, 경제 예측, 금융 상품 시장 예측, 증권 투자, 파생 상품 투자, 펀드 투자, 자격 취득"
31500,손해사정사,13501,"사회복지학, 사회복지관련학, 사회복지개론, 사회복지실천방법론, 노인복지론, 아동복지론, 장애인복지론, 가족복지론, 사회복지사업의 실무 경험, 정신보건사회복지사 자격증"
31900,"금융 컨설턴트, PB 등 기타 금융·보험 전문가",31302,"국내외 경제흐름 이해, 대상별, 목적별 상품개발 전략, 핀테크, 인터넷 및 모바일전용 금융상품 개발, 라이프스타일 고려, 고객특성 파악, 차별화된 상품 개발, 데이터분석 능력"
32100,은행 사무원(출납창구 제외),32101,"정보 분석, 신뢰감 보여주기, 직업윤리, 상담태도, 대인관계, 수리계산능력, 보안, 책임감"
32300,보험 심사원 및 사무원,32301,"상경계열 학과, 법학 전공, 경영 및 경제 관련 지식, 외국어 실력"
32400,출납창구 사무원,32401,"경제분석 능력, 세무지식"
32502,신용 추심원(채권 관리원),32501,"경영, 경제, 법학"
33200,보험 모집인 및 투자 권유 대행인,32201,경제분석 능력
33201,보험 대리인 및 중개인,33202,"판매화법, 상품지식, 컴퓨터활용능력"
110100,인문과학 연구원,110103,"언어학, 연구, 석사, 박사학위, 인접 학문, 자기계발"
110200,사회과학 연구원,110203,"연구 경험, 연구 프로젝트 참여, 연구보조원(RA)"
121100,자연과학 연구원,121103,"수학, 통계학, 연구 경험, 연구 프로젝트 참여, 연구보조원(RA)"
122101,생명과학 연구원,121104,"자연과학, 기초지식, 전문적인 지식, 세부 전공, 연구 경력"
122102,농어업 연구원 및 기술자,122103,"농학 관련 전공, 석사 이상의 학력, 연구 능력, 자격증 소지"
122103,임업 및 산림 연구원 및 기술자,122104,"수산학, 수산자원학, 수산경영학, 연구 경력"
122200,생명과학 시험원,122201,"학습능력, 실험절차 이해 및 적용능력, 정밀성, 시력 및 색 판별능력, 의사교환 능력, 끈기, 컴퓨터 운용능력"
122300,농림어업 시험원,122301,"생물, 미생물, 식품, 농업, 임업, 자원관리, 공업계, 의료보건 계열의 전문지식"
131201,통신기기·장비 개발자 및 연구원,131201,"전기, 전자, 통신관련 공학분야, 기능사, 기사 자격증, 전자공학, 통신, 컴퓨터공학"
131202,통신기술 개발자 및 통신망 운영 기술자,131202,"전자공학, 컴퓨터공학, 전파공학, 소프트웨어 관련학문, 산업공학, 통신이론, 광통신, 이동통신, 데이터통신"
132002,컴퓨터시스템 설계 및 분석가,132002,"하드웨어, 컴퓨터 운영체제(OS), 서버, 프로그래밍 언어, 데이터베이스, 보안, 하드웨어 및 소프트웨어, 네트워크"
132003,IT 감리 전문가(시스템 감리),132004,"전산에 대한 지식과 기술, 기업경영에 대한 지식, 네트워크, 데이터베이스, 프로그래밍, 컴퓨터 하드웨어, 소프트웨어, 정보시스템 기획감리, 응용시스템 감리, 데이터베이스 감리, 기술아키텍쳐, 보안감리, 시스템시험 및 인수감리, 운영감리, 관리기법, 컴퓨터와 전자공학"
133100,시스템 소프트웨어 개발자,133101,"C,C++, JAVA, DB, 소프트웨어공학이론, window,linux,OS, 전자신호"
133200,응용 소프트웨어 개발자,133201,"C,C++, java, 비주얼스튜디오, 델파이, 파워빌더, 소프트웨어공학, 프로그램언어, OS,DB, SQL,NoSQL"
133206,게임 프로그래머,133204,"게임기획, 게임연출, 게임프로듀싱, 아이디어 발굴, 게임시나리오 작성, 아이디어 창출교육, 게임그래픽디자인, 게임프로그래밍, 게임음악, 3D애니메이션, 웹프로듀서, 디지털웹디자인, 게임프로그래머, 게임그래픽디자인, Visual Tool, C, 컴퓨터그래픽애니메이션 개발자, window, 포토샵,, 어셈블리, C++, 자료구조"
133207,모바일 애플리케이션 프로그래머(앱·어플 개발),133205,"그래픽 구현 능력,java,Kotlin,Objective-C,Swift,MVVM,Retrofit,RESTful API"
133300,웹 개발자,133301,"Java,Spring,Vue.js,React,GO,SQL,HTML,CSS,Javascript,서버, 네트워크, 데이터베이스, 웹 언어, SQL, 웹에디터, 그래픽소프트웨어"
133302,웹 기획자,133302,"Java,C,C++,Python, 서버, 네트워크, 데이터베이스, 웹에디터, 그래픽소프트웨어"
133900,IT 테스터 및 IT QA 전문가,133901,"소프트웨어 테스트, 문제 파악, 보완점 평가, IT 개발 경험, 품질관리, 완성도 점검, 개선 조언, IT 트렌드, 지식"
134101,데이터 설계 및 프로그래머,134101,"데이터베이스관리시스템, 하드웨어, 소프트웨어"
134102,데이터 분석가(빅데이터 분석가),134102,"Python, 통계학, 컴퓨터공학, 산업공학, 경영학, 마케팅, 인문학, 자기개발, 빅데이터 분석, 인내, git,streamlit,Flask,mongoDB,PyTorch,Spark"
134200,네트워크 시스템 개발자,134201,"네트워크, 하드웨어, 소프트웨어, C,C++, 프로토콜, TCP, IP,"
134301,정보시스템 운영자,134301,"컴퓨터 운영체제(OS) 이해, 소프트웨어 설치와 운영, 보안, 데이터베이스 관리"
134302,네트워크 관리자(클라우딩컴퓨터운영관리자),134302,"네트워크시스템 설계, 분석적 사고, 대화기술"
134303,IT 기술지원 전문가,134303,"설계, 개발, 기술지원, 신기술 습득, 연구, 논리적 사고력, 독창적 사고력, 인내력"
134400,웹 운영자(홈페이지 관리자),134401,"JAVA,C,C++, spring, 네트워크, 데이터베이스, HTML,CSS,JS, SQL, 웹에디터, 그래픽소프트웨어"
135000,정보보안 전문가,135001,"운영체제, H/W, 네트워크, java/c/c++, mysql,sql"
136000,통신·방송송출 장비 기사,136001,"통신이론, 전송시스템"
140100,건축가(건축설계 포함),140101,"건축설계사의 기술: 건축설계, 건축구조, 건축시공, 건축재료, 건축응용학, 건축계획, 건축법규, 제도실습"
140202,건축구조 기술자,140201,엑셀과 구조해석 프로그램
140203,"건축시공 기술자(건축견적, 공무포함)",140207,"건축시공, 건축구조, 건축재료, 건축설비, 건축법, 건축CAD, 건축설계, 설계도면 분석, 컴퓨터 견적프로그램, 협상력, 정확한 판단력"
154200,화학공학 시험원,154201,"수학, 화학, 물리, 생물, 화공 열역학, 유체역학, 열전달, 물질전달, 화학반응공학, 유기공업화학, 화학공학실험, 공업화학실험"
155100,가스·에너지공학 기술자 및 연구원,155106,"원자력공학, 기계공학, 전기공학, 토목공학"
155102,"에너지공학 기술자 및 연구원(에너지, 탐사, 시추)",155102,"화학공학, 전기전자공학, 재료공학, 신소재공학, 시뮬레이션 장비 다루는 기술, 신기술 변화에 대한 관심, 창의적인 사고, 도전정신"
155200,가스·에너지 시험원,155203,"전기공학, 전자공학, 에너지공학, 화학공학, 기계공학"
155302,수질 환경 기술자 및 연구원,155302,"환경공학, 생물학, 화학"
155303,폐기물처리 기술자 및 연구원,155303,"환경공학, 화학공학, 화학, 기계공학"
155304,환경영향 평가원,155304,"환경학, 환경공학, 도시계획학, 농학, 동물학, 미생물학, 생물학, 생태학, 식물학, 산림학, 조경학, 해양학"
155305,"소음진동, 토양 등 기타 환경 기술자 및 연구원",155305,"환경공학, 기계공학, 연구, 개발, 해석, 소음진동방지, 소음진동측정, 소음진동기사, 소음진동기술사"
155400,환경공학 시험원,155401,"환경공학, 환경보건학, 생물학"
155500,보건위생·환경 검사원,155501,"식품공학, 환경공학, 화학공학, 보건 및 안전 분야, 화학 지식, 생물 지식, 관련법 이해"
156100,섬유공학 기술자 및 연구원,156101,"섬유공학, 소재공학, 섬유고분자화학, 섬유고분자물리, 방적학, 제포공학, 염료화학, 섬유기능성가공, 어패럴공학, 섬유공정"
156200,섬유공학 시험원(섬유·염료),156201,화학적·물리학적 시험 이해 및 데이터 분석
157100,식품공학 기술자 및 연구원,157101,"식품공학, 식품가공학, 식품분석학, 화학, 나노바이오, 저장유통, 유전학, 수의학(동물실험 등)"
157200,식품공학 시험원,157201,기기 다루기
158200,소방공학 기술자 및 연구원,158201,"설계, 시공, 안전관리, 감리, 전기, 기계"
158400,산업 안전원 및 위험물 관리원,158402,"기계, 전기·전자, 건축·토목, 화학공학, 소방 및 산업안전공학"
158500,비파괴 검사원,158501,"원자력, 방사선, 기계, 재료(금속)"
159104,전기·전자 장비 제도사(캐드원),159104,"CAD, 3D-Max, 포토샵"
159105,3D 프린팅 제도사,159103,"3D프린팅, 미술, 산업디자인, 그래픽디자인, 3D모델링, 컴퓨터그래픽 프로그램, 장비"
211100,대학 교수,211101,"연구 실적 발표, 학술지, 학회 활동"
211200,"대학 시간강사(초빙,겸임,BK,강의전담 교수 등 비전임교원 포함)",211201,"석사/박사 이상의 학력, 시간 강의, 학과 교수의 추천, 공개 채용, 선발"
212100,중·고등학교 교사,212101,"교육학, 교과목 내용 및 전달방법, 교육학 영역"
212300,특수교육 교사,212301,"장애특성의 이해, 장애영역별 교수-학습 방법의 이해, 장애 진단평가 방법, 특수학교교육과정, 교과별 교수학습방법"
212900,기타 교사,212901,"행정적 부담, 교육자재 개발 지원, 숙제 확인, 생활지도"
213000,유치원 교사,213001,"발달심리학, 유아교육학, 일반교육학, 교육철학, 아동사회학, 유아행동관찰, 유치원운영관리, 부모교육, 유아언어, 미술, 과학, 동작교육"
214100,문리·어학 강사,214101,"전문지식, 기술, 기능, 전달능력"
214106,영어 강사,214102,"외국어학원강사의 기술: 가르치기, 학습전략, 교육 및 훈련에 대한 이해, 리더십"
214200,컴퓨터 강사,214201,"정보처리학, 전자계산학, 컴퓨터 관련 자격증"
214308,기타 기술·기능 강사,214301,"전문지식, 기술, 기능"
214400,예능 강사,214401,"전문지식, 기술, 기능, 전달능력"
221100,판사 및 검사,221101,법조 경력
221200,변호사,221201,"법학적성시험, 학부성적(GPA), 외국어 시험, 사회봉사활동, 면접, 사법과목 이수"
221300,법무사 및 집행관,221301,법률지식
221400,변리사,221401,"산업재산권법, 민법개론, 특허법, 상표법, 민사소송법, 기계, 열역학, 재료공학, 무기공업화학, 전자회로, 반도체, 제어계측, 통신, 데이터, 물리, 생물, 약학, 건축"
222000,법률 사무원,222001,"법률관련사무원의 기술: 법률 분야 지식, 법률 문서 작성, 법률 조사 및 분석, 법률 문제 해결, 커뮤니케이션, 조직 및 시간 관리"
231100,사회복지사,231101,"사회복지학, 사회복지실천 방법론, 노인복지론, 아동복지론, 장애인복지론, 가족복지론, 사회복지 현장실습"
231200,상담 전문가,231201,상담심리에 대한 전문적 지식
231300,청소년 지도사,231301,"청소년지도사가 되기 위해서는 청소년상담, 청소년심리, 청소년정책론, 청소년문제, 청소년인권과 복지 등의 과목을 배우게 된다."
231400,직업상담사,231401,"직업상담, 심리학, 교육학, 사회복지학, 외국어 능력, 헤드헌터, 컨설턴트"
231500,시민단체 활동가,231501,"사회학, 행정학, 법학, 사회복지학, 경제학 등 인문사회계열 전공 지식_ 사회 활동 경력_ 사회 문제에 대한 이해와 분석 능력_ 커뮤니케이션 및 협업 능력_ 문제 해결 및 조직력_ 리더십과 리더십 개발 능력_ 프로젝트 관리 및 기획 능력_ 사회 변화를 위한 열망과 열정"
232100,보육 교사,232101,"보육교사, 보육업무 경력, 대면교육, 출석수업, 실습시간"
232900,기타 사회복지 종사원,232901,"사회복지학, 사회사업학"
240100,경찰관 및 수사관,240101,"경찰행정학과, 경찰시험 준비, 경찰학 심화과정, 법·행정 학사학위과정, 사이버범죄수사, 테러리즘, 아동·청소년·교육·상담·심리 분야 전공, 과학수사 관련 분야 학사 학위, 외국어 전문요원, 해당언어 전공"
240200,소방관,240201,"소방관리학과, 화재조사관 자격, 인명구조사 자격, 화재대응능력자격"
240300,교도관 및 소년원학교 교사,240301,"법학, 행정학, 교육학, 사회학, 심리학, 경찰행정학, 교정보호학"
250200,위관급 장교,250201,"교육, 훈련, 임관, 교육, 훈련, 임관, 교육, 훈련, 임관"
250300,부사관,250301,"현역병, 병장, 고등학교 졸업 이상, 전문대 장학생, 해군 현역, 전문/기능, 항공과학고등학교 졸업, 고등학교 졸업, 공군 현역, 항공대/한서대/교통대학교 재학생"
301100,전문 의사,301101,"의사국가면허시험, 의무석사학위, 의사면허시험, 해부학, 조직학, 병리학, 예방의학, 의공학, 약리학, 감염학, 임상실습, 일반의사, 인턴과정, 레지던트과정, 전문의사, 산부인과, 안과, 이비인후과, 피부과, 비뇨기과, 신경과"
301200,일반 의사,301201,"의사국가면허시험, 의무석사학위, 의사면허시험, 해부학, 조직학, 병리학, 예방의학, 의공학, 약리학, 감염학, 임상실습, 일반의사, 인턴과정, 레지던트과정, 전문의사, 산부인과, 안과, 이비인후과, 피부과, 비뇨기과, 신경과"
301300,한의사,301301,"한의정보학, 한의철학, 생리학, 발생학, 의학한문"
301400,치과 의사,301401,"해부학, 생리학, 병리학, 약리학, 임상치의학, 실습, 외국어 능력, 면접"
302000,수의사,302001,"수의학 공부, 기초 지식 습득, 수의사 국가시험, 수의사 면허시험"
303000,약사 및 한약사,303001,"일반화학, 생물학, 물리학, 유기화학, 외국어 능력"
304000,간호사,304004,"간호사 면허증 취득, 임상간호, 보건기술, 산업간호사, 조산사 국가면허시험"
304003,보건교사,304003,"간호학사 취득, 보건교사 임용시험 합격, 교육학과 간호학 공부, 간호사 국가면허, 교직 이후 근무, 한국사 능력 검정인증"
305000,영양사,305001,"식품학, 영양학, 식품영양관련 과목 이수, 영양사 현장 실습, 임상영양사 교육과정 수료, 실무 경력, 국가시험 합격, 교직 과목 이수, 학사학위 취득, 교육대학원 전공, 영양교육 전공, 영양교사 2급 자격증"
306100,임상병리사,306101,"임상병리학개론, 해부학, 생리학, 생화학, 혈액학, 임상병리실습"
306200,방사선사,306201,"해부학, 방사선물리학, 방사선학개론, CT영상학 및 실험, 방사선 계측 및 실험, MR 영상학 및 실험, 방사선기기학 및 실험, 방사선 현장실습"
306300,치과기공사,306301,치과기공사 면허시험
306400,치과위생사,306401,"치아형태학, 두경해부학, 보건윤리, 치과 임상학, 임상치위생학 및 실습"
306500,물리 및 작업 치료사,306501,"물리치료 기초, 물리치료 진단평가, 물리치료 중재, 의료법규, 실기"
306502,작업치료사,306502,"해부학, 정신의학, 재활의학, 임상운동학, 임상실습"
306600,임상심리사(심리치료사),306601,"임상심리학, 석사 이상의 학위, 수련, 경력"
306700,재활공학 기사(의지보조기기사),306701,의료보장구학과 등 관련학과 전공
306901,언어·청능 치료사,306901,"언어재활 관련학과 졸업, 언어재활사 면허시험 합격"
307100,"응급구조사(인명구조원, 119구조대원 포함)",307101,응급구조학 전공
307300,안경사,307301,"안경광학, 기하광학, 안경조제가공학, 안경광학현장실습, 양안시검사"
307400,의무기록사,307401,"의무기록관리, 질병 및 수술 분류, 의학용어 및 해부학, 임상지식, 전산실기, 건강보험 청구 및 심사, 의료의 질 관리, 병원 및 보건 통계, 의료관계법, 개인정보보호법, 병원 경영과 조직"
307500,간호조무사,307501,"간호조무사 양성, 간호 관련 학과 졸업, 실습, 간호조무사 자격시험, 보수 교육"
307600,안마사,307601,안마사 자격
411100,작가,411104,"문장력, 표현력, 작가적 자질"
411200,번역가 및 통역가,411201,외국어 실력
411205,통역가(영어),411202,외국어 구사능력
412001,신문·방송 기자,412001,"유창한 언변과 대화능력, 작문실력, 사회를 냉철하게 바라보는 시각, 글쓰기 훈련, 인터넷의 구조나 웹 관련 프로그램 이해, 특정 전문 분야의 지식, 카메라테스트"
412002,잡지·생활정보지 및 기타 기자,412003,"유창한 언변과 대화능력, 작문실력, 글쓰기 능력, 사회현상 이해 및 분석능력, 적극적인 사고방식, 정의감, 공정성, 효과적인 의사 교환 능력, 건강한 체력"
413101,학예사(큐레이터),413101,"고고학, 사학, 미술사학, 예술학, 민속학, 인류학, 동양화, 서양화, 조각, 도예, 큐레이터학과, 예술대학원, 미술대학원, 예술기획전공, 예술경영학과, 박물관학과, 미술관학과, 문화관리학과, 학예연구사, 학예연구관, 독립큐레이터, 인턴사원, 공무원 시험"
413102,문화재보존원(컨서베이터),413102,"유적, 유물의 역사적 지식, 화학적 지식, 석조물 및 미술품 보존 및 복원 기술"
413201,사서,413201,"문헌정보 관리, 교육과목 이수, 사서자격증 취득, 도서관 운영, 자료 분류, 서류전형, 면접, 외국어 능력, 한문 능력, 전산 활용 능력, 고서분야 전공, 연구소 관리, 자료실 관리, 학술정보 관리, 인터넷정보검색, 교사임용시험, 도서관 소프트웨어개발, 외국학술지 검색대행"
413202,기록물 관리사(기록물관리전문요원),413202,"기록물관리학, 역사학, 문헌정보학, 기록물관리학 교육과정, 전자 자료 관리, 객관적 판단 능력, 도덕성, 정직성, 자부심"
214401,미술 강사,414101,"미술실기 준비, 작품전시회, 공모전 출품"
414100,화가 및 조각가,414102,"이론, 실기, 작품 활동"
414200,사진작가 및 사진사,414201,"사진촬영, 사진기술, 사진편집기술, 마케팅, 경영, 영업, 회계"
414301,만화가,414301,"그림 실력, 스토리 구성 능력, 컴퓨터프로그램 활용 능력"
414302,만화영화 작가(애니메이터),414303,애니메이션 제작과정에 대한 이론과 실기를 배울 수 있다.
414400,국악인 및 전통 예능인,414401,"국악, 전통연극, 무용, 기악, 성악, 작곡, 이론, 시창, 청음, 국악사, 연주, 성악, 작곡실습, 한문, 서양음악, 악기, 음악적 안목, 국공립 국악연주단체, 사설단체, 판소리"
414500,"지휘자, 작곡가 및 연주가",414501,"음악 감상, 음악 콩쿠르 참여, 외국어 실력 향상"
414600,가수 및 성악가,414601,"악기 연주, 작·편곡, 컴퓨터 음악, 보컬, 작곡, 연주, 보컬, 컴퓨터 음악, 호흡, 발성, 보컬훈련"
414700,무용가 및 안무가,414701,"표현력과 창작능력을 기르고, 무용의 학문적 탐구방법을 배우게 된다."
415100,제품 디자이너,415101,"기획, 디자인, 개발, 마케팅, 제작기술, 미술, 창의력, 표현력, 마케팅감각, 컴퓨터 조작, 대인관계능력"
415200,패션 디자이너,415202,전문대학이나 대학교의 제품디자인 관련 학과 졸업_해외에서 디자인 공부_디자인 관련 사설교육기관에서 디자인 수업
415201,의상 디자이너,415201,"의상디자인학, 패션디자인학, 의류(의상)학, 패션디자인, 의류제작, 복식사, 의복재료론, 의상심리학, 코디네이션기법, 마케팅, 머천다이징, 패션 감각, 스타일리스트, 의류업체 경험, 머천다이저(MD), 의상실 경영, 의류 관련 온라인 쇼핑몰, 디자이너 자질, 디자이너 능력, 인턴제, 연수제, 서류전형, 필기시험, 포트폴리오, 면접"
415300,실내장식 디자이너,415301,"실내디자인, 실내건축, 건축, 모형제작, 디스플레이디자인, 이벤트디자인, 인테리어 작업 경험, 감각 향상, 인테리어 설계, 시공 관련 업무 경험"
415400,시각 디자이너,415404,"색채론, 디자인론, 디자인방법론, 디자인사, 그래픽디자인, 편집디자인, 출판디자인, 일러스트레이션, 포장디자인, 광고디자인"
415501,웹 디자이너,415501,"디자인, 멀티미디어, 컴퓨터그래픽, 웹디자인, 게임디자인, 컴퓨터그래픽스운용, 시각디자인, 제품디자인, 포장, 컬러리스트, 웹광고기획, 웹마스터, 웹콘텐츠기획"
415502,게임 디자이너,415502,"그래픽 관련 소프트웨어 툴(Tool)을 능숙하게 다룰 수 있어야 함. 디자인에 대한 이해와 지식, 예술적 감각이 필요함. 창의력, 색채감각, 조형감각 등을 갖추고 있어야 함. 혁신적인 성격과 섬세한 표현력이 요구됨. 팀원들과 협력하고 의뢰인의 요구를 디자인에 반영하는 능력이 필요함. 의사소통 및 대인관계능력이 요구됨."
415503,그래픽아트 기술자,415503,"시각디자인, 그래픽 처리 기술, 컴퓨터 프로그램, 포트폴리오, 자기계발, 웹디자인, 게임그래픽, 컴퓨터그래픽스운용, 멀티미디어 콘텐츠제작, GTQ(그래픽기술자격)"
415504,UX/UI 디자이너,415504,"인지공학, 인체공학, 심리학, 소비자학, 산업디자인, 인간의 사고와 행동, 생활패턴을 이해하고 파악하는 능력 _ 인지공학_ 인체공학_ 심리학_ 소비자학_ 산업디자인"
416100,감독 및 기술감독,416101,"방송, 영화, 연극 제작에 대한 전문적인 교육_시나리오 작업_촬영_편집_프로그램 제작에 대한 교육_ 서류 작성 및 필기 시험 능력_ 실무 능력 평가_ 면접 능력_ 인맥 구축_ 프로그램 기획 및 관리"
416301,아나운서 및 리포터,416301,"표준어 구사, 발성, 호흡, 방송내용 전달"
416400,촬영 기사,416401,"촬영, 편집, 음향, 조명, 인간관계 형성, 체력, 드론, 헬리캠"
416500,음향·녹음 기사,416501,"촬영, 편집, 음향, 조명, 연출"
416600,영상·녹화 및 편집 기사,416601," 영상물 제작 전반에 대한 이해_ 각종 장비 다루는 기술_촬영, 편집, 음향 등 방송 및 영상물 제작 이론과 실기_체계적인 촬영, 조명, 음향 공부_ 원활한 인간관계 형성_강인한 체력_새로운 장비 학습 노력"
416700,조명·영사 기사,416701,"조명, 영사기술, 영상물 제작, 촬영, 편집, 음향"
417100,공연·영화·음반 기획자,417102,"방송, 언론 홍보 및 커뮤니케이션 관련 지식_ 다양한 매체의 경험_ 인문, 사회계열 전공자의 경우 웹방송 분야에 쉽게 진출 가능_ 웹방송프로듀서 과정을 통한 교육"
417200,연예인매니저 및 스포츠매니저,417201,"매니지먼트에 대한 기초 지식_드라마 제작과정, 음반제작과정, 영화제작과정 등에 대한 이해_현장경험_ 기획 및 홍보 능력_ 대인관계 능력_의사소통 능력_쾌활하고 적극적인 성격_성실함, 인내심, 끈기_ 강인한 체력_꼼꼼함_협상 능력"
420100,스포츠 감독 및 코치,420401,스포츠 종목의 실기와 이론에 대한 충분한 지식
420200,직업 운동선수,420201,"운동선수의 기본을 다지거나 체육학과, 사회체육과, 생활체육과, 레저스포츠학과, 태권도학과, 골프학과 등에 진학해서 전문적인 교육과 운동 경험을 축적"
420300,경기 심판 및 경기 기록원,420301,"교육, 자격이수, 이론, 체력테스트, 실기, 외국어실력, 계약직"
420400,"스포츠강사, 레크리에이션강사 및 기타 관련 전문가",420402,"스포츠 및 체육관련학과, 물리치료학과, 재활치료학과 등을 졸업"
420405,레크리에이션 전문가,420403,"레크리에이션학과, 이벤트학과 등 관련 학과 졸업_레크리에이션자격증 취득"
511100,이용사,511101,이용기술
511200,미용사,511201,"미용이론, 공중보건학, 소독학, 피부학, 공중위생법규, 미용실무"
511300,피부 및 체형 관리사,511301,"피부미용의 이론과 실무, 피부미용학, 피부학 및 해부생리학, 피부미용기기학, 화장품학, 공중위생관리학, 피부미용실무"
511302,네일 아티스트(손톱 관리사),511302,네일아티스트의 기술
511400,메이크업 아티스트 및 분장사,511401,"메이크업, 피부관리, 헤어디자인, 미용 관련 교과목, 메이크업 실무와 이론, 실무경력, 헤어나 피부, 의상, 미술, 색채, 미용사(메이크업) 국가자격증, 메이크업개론, 공중위생관리학, 화장품학, 메이크업 미용실무"
511402,분장사·특수분장사,511402,분장사의 기술
511501,반려동물 미용사,511501,"동물 관련 이론 및 기술, 애견미용 관련학 전공, 사설애견미용학원 양성과정, 애견미용실 경험, 동물병원 견습생 경험"
511504,"수의사 보조원(수의간호, 수의테크니션)",511502,"동물 관련학과 전공, 동물병원에서 업무 배우기, 지식과 기술 습득"
512100,결혼상담원 및 웨딩플래너,512102,"꼼꼼함, 섬세함"
512200,혼례 종사원,512201,"친절함, 서비스정신, 예약계"
512300,장례 지도사 및 장례 상담원,512301,전문지식과 기술
521100,여행상품 개발자,521101,"여행 관련 분야의 업무경험, 국내외 여행 경험, 관광학의 기초이론, 여행지 정보 숙지, 교통 및 지리에 대한 이해, 숙박 및 문화에 대한 지식, 티켓발권 및 여행안내 경력"
521200,여행 사무원,512201,"친절함, 서비스정신, 예약계"
521302,여행 안내원,521304,관광통역안내원의 기술: 외국어 능력
521303,"박물관,미술관,문화,역사,자연환경 등 각종 해설사",521303,"정보전달능력, 외국어 능력, 역사·문화에 대한 지식"
522100,항공기 객실승무원,522101,"항공업무론, 객실업무개론, 항공운송실무, 객실서비스실무, 기내식음료개론, 항공서비스매너, 항공영어회화, 객실서비스영어, 토익"
522200,선박·열차 객실승무원,522201,일본어 또는 영어 가능
523000,숙박시설 서비스원,523001,신속 정확한 업무 수행
524000,오락시설 서비스원,524001,"기획, 개발, 관리, 안내, 티켓판매, 식음료, 청소, 어트랙션운영, 놀이기구조작, 동물사육, 파킹"
531100,주방장 및 요리 연구가(푸드코디네이터 포함),531101,"정교한 동작, 물적 자원 관리, 신체적 강인성, 품질관리분석"
531200,한식 조리사,531201,조리 및 요리관련 기술
531300,중식 조리사,531301,"조리 및 요리, 이론과 실습, 식품위생법, 조리사 자격증"
531400,양식 조리사,531401,조리 및 요리 관련 기술
531500,일식 조리사,531501,조리 및 요리 관련 기술
531600,바텐터(조주사),531601,"마술, 춤, 다재다능한 개인기, 경제학적인 지식, 외국어 구사능력"
531700,음료 조리사(바리스타 포함),531701,"바리스타 양성교육, 커피에 대한 이론과 실제 제조하는 실습, 커피제조, 서비스마인드, 베이킹 기술"
532100,패스트푸드 준비원,532101,특별한 자격이나 학력이 요구되지 않음
532200,홀서빙원,532201,외국어 구사 능력
532300,주방 보조원,532301,기본적인 조리방법을 숙지
532400,음식 배달원,532401,오토바이 운전
541100,경호원,541101,무도 능력
541200,청원경찰,541201,"서류 또는 필기시험, 면접시험, 체력시험, 무도 능력, 서비스 마인드"
541300,시설·특수 경비원,541301,경비지도사 자격증
542000,경비원(건물 관리원),542001,교육훈련
550100,요양 보호사 및 간병인,550101,간병인 관련 교육
550200,육아 도우미(베이비시터),550201,육아 지식
561100,청소원,561101,"청소방법, 체력, 필기시험, 면접, 청소경험, 가사경험, 여성인력개발, 여성훈련, 운송장비청소, 환경미화, 신체적인 강인함, 성실성"
561200,환경미화원 및 재활용품 수거원,561201,청소방법 관련 교육
561302,방역원(해충퇴치원 포함),561301,특별한 자격은 없음
561500,세탁원(다림질원),561501,"섬유감별능력, 의류의 다림질, 의류에 부착한 얼룩의 판별과 그에 따른 약제선택과 얼룩제거 작업, 의복관리방법과 물세탁방법, 다림질방법, 세탁기계이용법, 드라이클리닝방법, 의류리폼, 수선"
561601,가사 도우미,561601,"청소경험, 가사경험"
562100,계기 검침원 및 가스 점검원,562101,교육훈련
562300,주차 관리·안내원,562301,"학력, 교육훈련, 수시채용"
562400,검표원,562401,"계산능력, 기계 및 판독기 사용"
611000,부동산 컨설턴트 및 중개인,611001,"부동산학개론, 부동산감정평가론, 민법, 민사특별법, 부동산 중개에 관련된 규정 평가, 공인중개사의 업무, 부동산 거래신고 등에 관한 법령 평가, 중개실무, 부동산공법, 부동산중개에 관련된 규정, 부동산 공시에 관련된 법령과 세법 평가"
612100,기술 영업원,612101,전문지식
612101,자동차부품 및 운송장비 기술영업원,612301,영업능력향상과정
612200,해외 영업원,612201,"외국어 실력, 영업능력 향상, 판매실적 분석, 커뮤니케이션, 문제해결, 조직력, 협업"
612400,제품·광고 영업원,612401,"말하기, 설득력, 협상능력, 상황대처능력"
612500,상품 중개인 및 경매사,612501,"유통관련 교육, 경매사 자격증, 경매기록보조원 경험, 경매장관리원 경험, 실무능력"
613000,텔레마케터,613001,"전화응대기법, 불편사항 접수 요령, 화술, 고객응대법, 서비스 내용, 상품 정보, 세무나 법률 상담 등 전문지식"
614000,소규모 매장점장(매장매니저·매장슈퍼바이저),614001,"고객만족서비스, 유통마케팅, 효과적인 의사소통기술, 제품에 대한 지식"
615100,상점 판매원,615101,"고객만족서비스, 유통마케팅, 효과적인 의사소통기술, 제품에 대한 지식"
615200,통신 기기·서비스 판매원,615203,전문지식
615300,온라인 판매원,615301,"포토샵, 멀티미디어, 컴퓨터 능력, 운영노하우"
615400,상품 대여원,615401,"전문지식, 학력"
615500,노점 및 이동 판매원,615501,전문지식
615700,주유원(가스 충전원),615701,"주유, 계산 방법, 예절교육"
616100,매장 계산원 및 요금 정산원,616101,계산기기를 다룰 수 있는 능력이나 전산 관련 능력
616200,매표원 및 복권 판매원,616201,자격이나 경험은 필요하지 않다.
617100,홍보 도우미 및 판촉원,617101,"외모, 신체조건, 키, 활달한 성격, 미모, 영어실력"
621100,항공기 조종사,621102,"선발, 조종훈련, 비행경력"
621200,"선장, 항해사 및 도선사",621201,"해양수산부 지정 교육기관 졸업, 상선 및 어선 분야 항해사 또는 기관사 자격시험 응시, 안전교육 및 직무교육"
621300,철도·전동차 기관사,621301,"적성검사, 신체검사, 철도차량운전면허 지정 교육훈련, 교육 이수, 철도차량운전면허시험, 운전 실무수습"
621400,"관제사(항공,선박,철도 등)",621401,"무선통신능력, 영어구사능력"
621900,기타 항공·철도운송종사원(항공기유도원·화물열차차장·신호수),621901,"변전설비, 원자력 전기설비, 철도 기기, 전기제어공학, 전기전자공학, 전자공학, 철도전기제어과, 철도신호산업기사, 철도신호기능사"
622100,택시 운전원,622101,"운전교습, 면허취득, 운전경력"
622200,버스 운전원,622201,운전면허
622300,화물차·특수차 운전원,622304,운전 적성 정밀검사
623001,"크레인 운전원(천정,타워 제외)",623001,"건설기계, 기중기, 지게차 관련 이론과 실습"
623004,지게차 운전원,623002,"건설기계, 기중기, 지게차 관련 이론과 실습"
624100,택배원,624101,"운전면허, 화물운송종사자격증, 서비스 교육, 지리 이해"
624200,우편물 집배원,624201,"자동이륜차 운전, 정보화 자격증"
624300,선박 갑판원 및 관련 종사원,624301,항해 관련 지식
624401,하역·적재 종사원,624401,숙련자로부터 간단한 작업지시와 주의사항을 들을 수 있는 능력
701100,철골공(강구조물 건립원),701101,"숙련공의 보조원, 도제 형태로 기능을 습득, 전문교육기관에서 훈련, 실습 위주의 훈련, 관련 자격증 취득, 비계산업기사/기능사, 용접기사/산업기사/기능장/기능사, 특수용접기능사, 협동심, 배려심, 꼼꼼함, 책임감"
701200,"경량철골공(석고보드공,텍스공,조립주택 건립원)",701201,"숙련공의 보조원, 도제 형태로 기능을 습득, 전문교육기관에서 훈련, 실습 위주의 훈련, 관련 자격증 취득, 비계산업기사/기능사, 용접기사/산업기사/기능장/기능사, 특수용접기능사, 협동심, 배려심, 꼼꼼함, 책임감"
701300,철근공,701301,"숙련공의 보조원, 도제 형태로 기능을 습득, 전문교육기관에서 훈련, 실습 위주의 훈련, 철근산업기사/기능사, 숙련공의 조력공, 시설물유지보수업체나 전문건설업체 창업, 협동심, 배려심, 꼼꼼함, 책임감"
701401,콘크리트공,701401,"콘크리트공의 기술: 숙련공의 보조, 도제 형태로의 기능습득, 전문교육기관에서의 훈련, 실습 위주의 훈련, 관련 자격증 취득, 콘크리트기사/산업기사/기능사, 시설물 유지보수, 전문건설업체 창업, 협동심, 배려심, 꼼꼼함, 책임감"
701500,건축 석공,701501,"숙련공의 보조원, 도제 형태로 기능을 습득, 전문교육기관에서 훈련, 공업계 고등학교나 직업전문학교에서 실습 위주의 훈련, 관련 자격증 취득, 석공기능사, 숙련공의 조력공, 시설물유지보수업체나 전문건설업체 창업, 협동심, 배려심, 꼼꼼함, 책임감"
701600,건축 목공,701601,"협동심, 배려심, 꼼꼼함, 책임감"
701604,전통 건축원,701602,"문화재수리기능자, 보수, 단청, 조경, 보존과학, 식물보호, 실측설계, 가공석공, 대목수, 도금공, 드잡이공, 모사공, 목조각공, 박제 및 표존제작공, 번와와공, 보존처리공, 석조각공, 세척공, 소목수, 식물보호공, 실측설계사보, 쌓기석공, 온돌공, 제작와공, 조경공, 철물공, 칠공, 표구공, 한식미장공, 화공, 훈증공"
701700,조적공 및 석재 부설공,701701,"조적기능사, 축로기능사, 건축일반시공기능장/산업기사"
702100,미장공,702101,"꼼꼼함, 책임감"
702200,방수공,702201,"꼼꼼함, 책임감"
702300,단열공,702301,"온수온돌기능사, 배관기능장/산업기사/기능사, 공조냉동기계기사/산업기사/기능사"
702401,타일·대리석 시공원,702401,"꼼꼼함, 책임감, 기술력"
702501,도배공,701501,"숙련공의 보조원, 도제 형태로 기능을 습득, 전문교육기관에서 훈련, 공업계 고등학교나 직업전문학교에서 실습 위주의 훈련, 관련 자격증 취득, 석공기능사, 숙련공의 조력공, 시설물유지보수업체나 전문건설업체 창업, 협동심, 배려심, 꼼꼼함, 책임감"
702502,유리 부착원(유리공),702502,"숙련공의 보조원, 유리시공기능사"
702600,건물 도장공,702601,도면 해석 및 시방서 해석
702701,새시 조립·설치원,702701,"일반판금, 타출판금, 자동차판금 훈련"
703100,건설 배관공,703101,"공업배관, 건축배관, 배관용접, 배관기능장, 산업기사, 기능사, 건축설비기사, 공조냉동기계기사, 온수온돌기능사, 용접기사, 특수용접기능사, 가스기능장, 기능공"
703200,"공업 배관공(플랜트,항공,선박,철도차량)",703201,"공업배관, 건축배관, 배관용접"
704000,건설·채굴 기계 운전원,704001,"기중기운전기능사, 로더운전기능사, 롤러운전기능사, 모터그레이더운전기능사, 불도저운전기능사, 아스팔트피니셔운전기능사, 양화장치운전기능사, 천공기운전기능사, 천장크레인운전기능사, 컨테이너크레인운전기능사, 타워크레인운전기능사, 굴삭기운전기능사, 지게차운전기능사"
705100,"광원, 채석원 및 석재 절단원",705101,"광산 작업, 채석, 석재절단, 작업공구 사용법, 안전장비 사용법, 장비 및 자재 운반, 갱내 지주설치, 화약발파, 채탄작업, 갱내 배관설치"
705901,점화·발파·화약관리원 및 삭구원,705901,화약류취급 및 발파작업에 대한 기술
705902,"잠수 기능원(잠수부, 구난 잠수요원)",705902,"잠수에 대한 지식과 기술, 수중 용접 기능, 강인한 체력"
706000,건설·채굴 단순 종사원,706001,숙련도 향상
811100,공업기계 설치·정비원,811101,"자동제어시스템, 컴퓨터기술"
811200,승강기 설치·정비원,811201,"자동제어시스템, 컴퓨터기술"
811300,물품이동장비 설치·정비원,811301,"자동제어시스템, 컴퓨터기술"
811400,냉동·냉장·공조기 설치·정비원,811401,"자동제어시스템, 컴퓨터기술"
811500,보일러 설치·정비원,811501,"전기, 소방 설비, 냉난방관리, 보일러설치, 가스설비, 용접, 공조냉동기계, 보일러시공, 냉난방설비, 소방설비, 가스설비, 전기설비, 전기기사, 전기공사기사, 보일러기능장, 보일러취급기능사, 보일러시공기능사, 열관리기사, 가스기능장, 공조냉동기계기사, 소방설비기사, 환경기능사"
811600,건설·광업용 기계 설치·정비원,811601,"자동제어시스템, 컴퓨터기술"
811900,농업용 및 기타 기계장비 설치 및 정비원,811901,엔진기관이나 기계 분야를 전공
812100,항공기 정비원,812101,"항공기정비, 사내직무교육, 정비훈련, 기술 배우기"
812200,선박 정비원,812201,"선박정비, 기계 관련, 공업계, 고등학교, 대학, 학과, 졸업, 선박정비 훈련기관, 선박기관정비, 훈련프로그램, 이수, 취업"
812300,철도기관차·전동차 정비원,812301,"기계설계, 전기공학, 차량자동제어, 내연기관, 전기기계, 기계재료, 현장실습"
812400,자동차 정비원,812401,"자동차정비, 자동차 및 기계 분야, 자동차과, 자동차공학과, 자동차 튜닝, 자동차 정비"
812900,오토바이·자전거 및 기타 운송장비 정비원,812901,"자동차 및 기계 분야 전공, 기계에 대한 이해와 지식, 정비 경험, 오토바이 정비 훈련"
813100,금형원,813101,"프레스금형, 사출금형, 전산응용프레스금형, 정밀측정, 금형공작법, 밀링, 연삭가공, CNC 공작, 금형 및 성형재료, 프레스금형제작, 사출금형제작, 프레스기계, 사출성형기, 치공구 사용법, 금형 설치법, 성형품 검사, 불량대책, CAD/CAM 기술, 수치제어공작기계 사용방법"
813200,금속 공작기계 조작원,813201,"기계설계도 해독, 기계가공, 공업수학, 프로그래밍"
814000,냉·난방 설비 조작원,814001,"기계나 전기설비, 냉동설비, 가스설비, 공조설비,자동화시스템 관련 지식, 공조냉동기계, 보일러시공, 건축설비, 냉난방설비, 소방설비"
815000,자동조립라인·산업용로봇 조작원,815001,"기계설계도 해독, 기계가공, 공업수학, 프로그래밍"
816100,일반기계 조립원,816103,"기계, 전기, 전자, 통신 관련 학과, 전기기능, PC 조립, 전자기기조립, 반도체 조립과정"
817100,자동차 조립·검사원,817101,"정규 교육과정, 실무 훈련, 생산 부문 내에서의 직업 이동, 감독직으로의 진출"
817200,자동차 부품 조립·검사원,817201,"정규 교육과정, 훈련기관에서의 실무 훈련"
817300,항공기·선박·철도기관차·전동차 등 운송장비 조립·검사원,817301,"기계, 전기, 전자, 통신 관련 학과"
821100,금속가공 제어장치 조작원(용광로·용해로·금속가열로),821101,"금속가공, 금속재료 관련 교육, CAD, 엑셀, 3D관련 자격증"
821200,금속가공 기계 조작원,821201,"금속가공, 금속재료 관련 교육, Auto CAD/CAM, MCT, 5축 다면 가공 기술"
822100,판금원(덕트원 포함),822101,"용접, 기계, 판금"
822301,제관원,822301,"용접, 제관"
823101,단조원,832101,"전기·전자, 컴퓨터, 전산, 통신관련 학과, 이론교육, 자격증 취득, 컴퓨터, 네트워크, 통신, 기술과 경험"
823300,주조원,823301,"주조, 주조기조작, 금속, 재료관련, 정밀주조, 금속재료"
824100,용접원,824101,"용접 이론, 기술, 설계"
825100,도장원(도장기조작원),825101,"전기도금, 자동차도장, 금속도장, 건축도장 등"
825200,도금·금속분무기 조작원,825201,"전기도금, 자동차도장, 금속도장, 건축도장 등"
826100,유리·유리제품 생산기계 조작원,826101,"기계과 교육, 도자공예, 재료공학, 응용소재학, 세라믹공학, 자동제어, 컴퓨터 조작, 제어장치 조작, 유리제조, 가공기조작, 작업반장, 주임, 중간관리자, 기계조작"
826200,점토제품 생산기계 조작원,826201,"재료, 요업, 컴퓨터 조작"
826300,시멘트·광물제품 생산기계 조작원,826301,"기계, 전기, 재료, 요업, 컴퓨터 조작, 제어장치 조작"
826400,광석·석제품 생산기계 조작원,826401,"재료, 요업, 교육, 취업, 숙련공, 경력, 기능, 광석, 석제품가공기조작, 작업현장, 작업반장, 주임, 컴퓨터조작, 제어장치조작, 중간관리자, 기계조작"
831100,산업 전기공(항공기·선박·철도기관차·전동차 전기공),831101,"전기회로 이해, 배선도면 이해, 전기에 관한 이론적 지식, 현장 실무 경험"
831200,내선 전기공,831201,"전기회로 이해, 배선도면 이해, 전기에 관한 이론적 지식, 현장 실무 경험, 전선 구별"
831300,외선 전기공,831301,"전기회로 이해, 배선도면 이해, 전기에 관한 이론적 지식, 현장 실무 경험, 전선 구별"
832100,사무용 전자기기 설치·수리원(컴퓨터 제외),832101,"전기·전자, 컴퓨터, 전산, 통신관련 학과, 이론교육, 자격증 취득, 컴퓨터, 네트워크, 통신, 기술과 경험"
832200,가전제품 설치·수리원,832201,"전기, 전자, 통신과 관련한 지식과 기술"
841100,컴퓨터 설치·수리원(컴퓨터A/S원),841101,"시력, 색상 구별 능력, 의사소통능력, 외모, 영어 독해능력"
841200,핸드폰(휴대폰) 수리원,841201,"전기·전자, 컴퓨터, 전산, 통신관련 기술"
833000,발전·배전 장치 조작원,833001,"전기공학, 기계공학, 제어계측, 화학, 원자력관련 학과"
834000,전기·전자 설비 조작원,834001,"자동제어, 전기·전자, 컴퓨터 관련 교육, 전기·전자 및 기계와 관련된 과목 이수, 전기·전자 및 기계이론 이해, 전기산업기사, 전기기사, 색맹·색약"
835100,전기 부품·제품 생산기계 조작원,835101,"자동제어, 전기·전자, 컴퓨터관련 교육, 외국어 독해능력"
835200,전자 부품·제품 생산기계 조작원,835201,"자동제어, 전기·전자, 컴퓨터관련 교육, 관련 자격증, 외국어 독해능력"
842100,방송장비 설치·수리원,842101,"전자 및 통신구조와 관련한 부품, 장비에 대한 지식과 기술"
842200,통신장비 설치·수리원,842201,"전자, 통신구조, 부품 지식, 기술, 무선설비, 통신선로, 숙련 기술, 실무 경험"
842301,통신·인터넷 케이블 설치·수리원,842301,"설계도면 이해, 전자 및 통신구조와 관련한 부품, 장비에 대한 지식과 기술, 무선설비, 통신선로에 대한 이론과 실습교육, 경력 쌓기, 전파통신기사, 무선설비기사, 방송통신기사, 통신선로산업기사, 통신설비기능장, 통신업체에서의 종사 경험, 통신관련 장비 및 시그널의 색깔 구별"
851101,석유·천연가스 제조 제어장치 조작원,851101,"화학공학, 화학, 기계과, 현장 경험, 화학, 물리, 수학"
851200,화학물 가공장치 조작원,851201,"화학, 물리, 수학"
852100,타이어·고무제품 생산기계 조작원,852101,"자격증 소지, 제조공정 숙지, 기술습득"
852200,플라스틱제품 생산기계 조작원,852201,"자격증 소지, 화공과 관련된 자격증, 산업안전, 환경분야 자격증, 제조공정 숙지, 신기술습득"
852300,화학제품 생산기계 조작원(고무·플라스틱 제외),852301,"화학공정 숙지, 신기술 습득, 자격증 소지, 안전관리, 환경분야 자격증"
852400,고무·플라스틱 제품 조립원,852401,"기계, 전기, 전자, 통신 관련 학과, 전기기능, PC 조립, 전자기기조립, 반도체 조립과정"
853100,상·하수도 처리장치 조작원,853101,"수질환경 기사, 산업기사, 기계정비"
853200,재활용 처리장치·소각로 조작원,853201,"기계, 환경, 에너지 계열 전공"
861100,"섬유 제조기계 조작원(방적,방사,연사,합사,권사기 등)",861101,"섬유 관련 자격증, 기계 조작, 언어습득"
861200,직조기·편직기 조작원,861201,직조기·편직기 조작
861300,표백·염색기 조작원,861301,"표백 및 염색관련조작원의 기술: 섬유 관련 자격증, 사내 직무교육, 숙련자 보조, 기능 습득"
862100,패턴사,862101,"패턴사의 기술: 의류제조관련업무 이해, 패턴기술, 신체치수에 따른 옷본 제작, 디자인 감각, 대인관계, 손재주, 기계 다루기"
862200,재단사,862201,"자격증, 사내직무교육, 숙련자 보조, 기능습득, 추천, 고용지원센터, 생활정보지, 개인적 소개, 승진체계, 경험, 훈련, 숙련자"
862300,재봉사,862301,"실업계 고등학교나 직업훈련기관에서 관련학과를 전공_자격증 소지 (섬유관련 자격증)_사내직무교육 및 숙련자 보조로 기능 습득_주로 섬유제품제조업체, 의류·신발·모피제조업체 등에 고용_숙련 경험과 훈련으로 중간관리자 승진 가능"
863100,한복 제조원,863101,"예술적인 감각, 창의력, 바느질 작업, 끈기, 인내심"
863200,양장·양복 제조원,863201,"양장 및 양복 제조 기능 습득, 숙련"
863400,의복·가죽·모피 수선원,863401,숙련된 의복사를 보조하면서 기능을 습득
864100,제화원,864101,"디자인, 봉제, 실무경험, 손재주, 기계 다루기"
864200,신발 제조기계 조작원 및 조립원,864201,전문계고등학교나 직업훈련기관에서 관련 기술을 배우는 것이 유리하다.
864300,세탁 기계 조작원,864301,"전문계고등학교, 직업훈련기관, 사내직무교육, 숙련자 보조, 기능습득, 직업훈련기관 추천, 고용지원센터, 생활정보지, 취업, 개인적 소개"
871100,제과·제빵원,871101,제빵기술
871200,떡 제조원(한과 포함),871201,조리기술
872100,정육원 및 도축원,872101,"식육 부위별로 정확하게 분할, 골발, 정향하는 작업"
872200,김치·밑반찬 제조 종사원,872201,"밑반찬 제조 기술, 김치 제조 기술"
872300,식품·담배 등급원,872301,"기기조작, 보조원, 담배등급, 검사원, 현장훈련, 기능 축적, 식음료제품 조작"
873100,육류·어패류·낙농품 가공기계 조작원,873101,기계조작에 대한 감각
873200,제분·도정 기계 조작원,873201,"기계조작 감각, 외국어독해능력, 기계고장 수리 능력"
873300,곡물 가공제품 기계 조작원,873301,"기계조작에 대한 감각, 식품기사, 조리사 등 관련 자격증, 외국어 독해능력, 기계고장 수리 능력"
873400,과실·채소 기계 조작원,873401,기계조작
873500,음료 제조기계 조작원,873501,기계조작
881100,인쇄기계 조작원,881101,"출판디자인과, 인쇄정보공학과, 인쇄미디어학과, 미디어출판과, 전자출판인쇄전공 등의 학과"
881200,사진 인화·현상기 조작원(사진수정 포함),881201,사진기능사
882101,목재 가공기계 조작원,882101,"목재 가공 관련 조작원의 기술 요구사항: 관련학과 전공, 기계 조작 경험"
882102,합판 제조기계 조작원,882201,기계 등 관련학과 전공자
882300,종이제품 생산기계 조작원,882301,기계 등 관련학과 전공자나 경력자
883100,가구 제조·수리원,883101,가구제조 및 수리
883200,가구 조립원,883201,특별한 자격
884100,공예원,884101,공예원에게 요구되는 기술
884200,귀금속·보석 세공원,884201,귀금속 및 보석가공 기술
885100,악기 제조원 및 조율사,885101,피아노 조율
885200,간판 제작·설치원,885201,"디자인 관련 학과 졸업, 시각디자인, 광고디자인, 옥외광고디자인, 공예디자인, 공업디자인, 광고도장기능사, 옥외광고사"
885900,주입·포장·상표부착기 및 기타 기계 조작원,885902,특별한 학력이나 자격은 필요하지 않다. 선임자로부터 단시간의 직무훈련을 받고 업무를 수행하는 것이 일반적이다.
901100,곡식작물 재배원,901101,"농작물 재배법, 농기계 사용법, 농업정보화, 전산 관련 교육, 귀농 프로그램"
901200,채소·특용작물 재배원,901201,"채소작물 재배법, 농기계 사용법, 농업정보화 환경에 대한 전산 관련 교육"
901300,과수작물 재배원,901301,"과수작물 재배법, 농기계 사용법, 농업정보화 환경에 대한 전산 관련 교육"
901400,원예작물 재배원,901401,"나무품종, 계절별 관리요령, 병충해 대응, 필요한 장비 등에 대한 기본적인 지식"
901500,조경원,901501,"조경관련 분야의 지식_ 조경 설계 및 시공 업무_조경기사 등의 자격 취득_현장소장이나 작업반장, 현장 작업원의 인맥_건설회사의 조경부서, 조경공사업체, 조경식재공사업체, 조경시설물설치공사업체, 조경관리업체, 정원수 및 온실 재배업체에서의 근무 경험_ 대한주택공사, 한국도로공사, 한국토지공사 등에서의 경력_작업반장이나 공사 관리자로 승진하기 위한 경력 쌓기_ 조경기사나 기술사 자격 취득을 통한 승진 기회_경영능력과 자금 보유를 통한 조경업체 창업"
902100,낙농 종사원,902101,"가축의 사육, 번식, 사료, 질병 등에 대한 기본적인 지식"
902200,가축 사육 종사원,902201,"가축사육, 번식, 사료, 질병, 가축관리, 방역, 사료제조, 축산가공, 동물생리학, 동물영양학, 유전학, 사료학, 번식학, 축산경영학"
903100,조림·산림경영인 및 벌목원,903101,"나무품종 관리, 계절별 관리요령, 병충해 대응, 필요한 장비 사용"
904100,양식원,904101,"해양생태계, 수산생물의 질병 및 치료"
904200,어부 및 해녀,904201, 숙련 종사자를 보조하는 능력_ 관련 실무 경험 쌓기_ 해양생태계에 대한 이해_ 수산생물의 질병 및 치료에 대한 지식