idx,skill
0,결산분개하기
1,환경관리
2,영업활동 자금계획하기
3,간단한 서류 작성
4,식자재 발주
5,반도체 SITE 현장관리
6,실내외 청소
7,원부자재 단가 관리
8,포딩
9,보조컨설턴트로 수행
10,관수시설 시공
11,운전면허 1종 보통
12,법인세 관리
13,품질관리 매뉴얼 작성하기
14,단체 고객 상담
15,자재 출하
16,건설현장 관리
17,제조업 공장관리 겸험자
18,반품검수
19,특급 룸메이드 경력
20,투자사 보고서 작성
21,자녀 양육 지원
22,OPIC IH 이상
23,의료 솔루션 컨설팅
24,고주파용 콘넥터 제조
25,식자재
26,SHELL
27,기계 · 기구설계
28,더존 회계프로그램 스마트 A 사용
29,설비 스페어 파트 관리
30,플랜트 PIPE제작
31,교육참여자 각종 서류 확인
32,소모품 수입
33,마케팅
34,포상
35,PROFIT PROTECTION
36,영문 서신 작성
37,사업 진행
38,온라인 판매처 상품 기획
39,건물관리
40,창고
41,회계학 전공
42,인사제도
43,SLAM
44,유상수리 자재요청
45,GOOGLE CLOUD
46,패키지 전개도면 틀 제작
47,생산 전반적인 현장 관리
48,CAPA
49,견적서 제작
50,사내 인프라 운영관리
51,반응형 프론트엔드 개발
52,식품업계 생산관련
53,조립현장의 작업지도
54,엑셀 등 작업 가능자
55,계약관리
56,ERP 프로그램 사용자
57,수하물 분류
58,생산총괄계획 수립
59,해외공급자 발굴하기
60,자동화라인
61,외교
62,학원 운영
63,영문 메일 작성
64,운송배차
65,컨시어지
66,업체별 매입 매출 관리
67,렌트카 예약
68,한의학과
69,QC업무
70,실험
71,퇴사 관리
72,각종 센서 소싱
73,ISIR
74,자차필수
75,전기 기계 건설 관련 자격 면허
76,신규영업
77,E커머스 MD 경력
78,전기 CAD
79,하드웨어 설계하기
80,창고 자재 정리
81,계약서 서류작성
82,공장청소
83,손해사정법인 현장조사자
84,식재관리
85,원전세신고
86,SW 개발 기획 역량
87,인력계획 수립하기
88,생물학
89,사회복지학
90,연말정산
91,회계보조업무
92,신고조정업무
93,생산 관리
94,국내상품 소싱
95,네트워크 설계
96,문화 유관 정부사업 연구
97,산재보상영업
98,문화
99,생산설비 관리
100,안전성 검사하기
101,급여정산
102,ISO9001시스템을 이행해 본 경력
103,소모성 제품 판매 관리
104,온라인쇼핑몰 운영
105,유해화학물질관리자
106,공연 마케팅
107,환경가전
108,UI 구현
109,메타버스 기능 개발
110,건축 현장
111,영어 이메일
112,노무이슈 대응
113,도매점 거래처 납품 관리
114,해당직무 인턴경력
115,데이터베이스
116,콘크리트 2차제품 생산
117,미화 관리
118,압력용기 설계
119,통관업무 경험자
120,원
121,MYSQL
122,방화관리
123,PC생산
124,PPT 제작
125,예식계약
126,소모품 구매
127,호이스트 사용
128,BM 소통
129,서비스 배
130,거래처
131,세척장비
132,셔틀
133,기술 지원
134,WEB 웹
135,공정 설계하기
136,강의 보조
137,홀서빙
138,생산 설비 관리
139,웨딩예약실 실장
140,가구 설치
141,방수
142,각종인증업무
143,엑셀 중급 이상
144,수출입사전준비
145,수산물 가공
146,백엔드 기술
147,매출 관련 데이터 관리
148,입고관리
149,차량지정배차
150,영업 목표관리
151,에너지관리기능사
152,제조업 생산
153,관세환급 받기
154,공사진척 관리하기
155,라벨 출력
156,당면 제조
157,LC
158,콘크리트 제품의 성능 평가
159,STM32
160,MATLAB
161,구매 거래선 개발
162,공사계약
163,교직원 4대보험업무
164,브랜드마케팅
165,EMBEDDED SYSTEM
166,기초적인 회계능력
167,기타소득 원천징수하기
168,매출처 발주상담
169,SNS 관리
170,자동차 부품 도장 경력자
171,전표 관리
172,데스크
173,입 대행 포워딩
174,IT 지식
175,연구시설 지원
176,앱 기획
177,디지털 화
178,입주사 민원 관리
179,공장 생산 일정 관리
180,연구소 관리
181,RFID 자동화시스템 구축
182,규격인증
183,식품 카테고리 이커머스 경력
184,고객 민원 관리
185,프롭테크
186,부동산 관련 법무
187,생산지시발주 등록
188,더존프로그램 사용가능자
189,컴퓨터 공학
190,문서작성 가능자
191,건물 관리 업무 전반
192,MES 구축 개발
193,인건비
194,인솔
195,품질계획 수립하기
196,전화응대
197,타이어 탈착
198,유지보수 배포지원
199,보험
200,세금 신고
201,원단창고
202,컨테이너 트레일러 배차업무
203,P설치 후 생산 시 현장관리
204,수출자의 FTA 사후관리하기
205,대외활동
206,오픈 톡
207,성과급
208,제품분류
209,원활한 커뮤니케이션 능력자
210,정보통신공사
211,사급자재 관리
212,직원 급여 관리
213,샘플
214,연구지원
215,학술용역
216,IOS
217,산업안전기사
218,구내통신공사
219,알고리즘
220,진정서 작성
221,기술영업
222,견적서작성
223,한국어 중급 이상자
224,법인 교육 컨설팅
225,생산부직원관리
226,훈련
227,선원관리
228,문서 작성능력
229,사용자 요구분석
230,생산제품 정리정돈
231,고객영업관리
232,출납
233,자동차 폐차
234,품질 데이터 관리
235,품질관리 사례분석 적용하기
236,일일정산
237,MANAGEMENT
238,컴퓨터 관리
239,원유 운영계획 수립
240,산업교육지원센터 연구직
241,생산설비 운영
242,경리 회계
243,공학계열
244,자재 출고 작업하기
245,고객 전화 주문 접수
246,윈도우
247,외식업 중앙회 일반행정
248,사회복지파트
249,ISO업무
250,납기 관리
251,제주사무소
252,현장 조율
253,퇴사 서류관리
254,산업안전
255,배송문의 응대
256,도로안전관리
257,DB 관리
258,예약업무하기
259,예약 접수
260,유튜브
261,인사평가 시행하기
262,회계정보 활용하기
263,클라우드
264,년 결산
265,FTA원산지확인서 작성
266,건설업 일반 경리
267,KC
268,매출
269,경영계획 분석
270,자체결산 유경험
271,주말근무
272,수출마케팅
273,영상 제작
274,현장공무
275,STL
276,세륜기 수리
277,장례지도사 자격증
278,신고서 작성
279,팀원 근태
280,구축
281,홈페이지 관리보조
282,영어 능통
283,폐기물 관련 업무
284,대학 연구 관련 부서 유경험
285,납품계획 세우기
286,감염관리
287,자금업무
288,인사 관리
289,회계 작성
290,실적 마감 보고
291,자재 보관위치 관리하기
292,재고실사하기
293,현장대리인
294,보건
295,어플리케이션 개발
296,취업알선
297,창호 시공상세도 작성
298,유선통보
299,경영진의 업무 지시받기
300,학사 보조
301,추진
302,펌웨어 구현
303,아웃소싱 영업
304,불량재고 처리하기
305,ERP전산
306,수학
307,생산 기획관리
308,생산라인 관리
309,G 사용
310,항로표지
311,일일 생산 실적관리
312,일반 운송
313,매뉴얼 업무
314,광고 관리
315,엑세스 SQL
316,자동차관리용품 판매영업
317,선각 생산관리 업무
318,장치 통합 테스트하기
319,선적 관리
320,과정평가형 국가기술 자격 취득자
321,안내 업무
322,미수 채권 회수
323,건축업무 경험
324,평가 모니터링 프로그램 제작
325,국내 거래처 관리
326,신용평가
327,UX 시나리오 제작
328,업무 교육
329,현장사무실 개설하기
330,회계 사무원
331,비품
332,오라클 데이터 베이스 운영
333,코딩
334,등록카드 작성하기
335,개인결산조정
336,건설기술인협회 경력증
337,축산물제품 검수
338,훈련생 상담
339,평가계획 수립하기
340,ISMS
341,세무기장
342,코칭
343,현장상황파악
344,작성 가능
345,자문
346,인허가관리
347,직원
348,상품관리
349,품질의 상태
350,기계설비 책임
351,관리 업무
352,사건 수임
353,통솔
354,검증
355,학생
356,세목별 수정신고·경정 청구하기
357,현금흐름표 작성
358,복합운송절차 관리하기
359,PF심의자료 작성
360,스마트워치 HW
361,화물자동차 매매서류 작성
362,감속기 관련 설계
363,운용 프로그램 개발
364,윈도우즈
365,클레임 대응
366,관련 자료 데이터 분석
367,디지털 교육 이해
368,전화문의
369,차량 처분하기
370,재고수량 확인하기
371,법인세 신고
372,여행상품개발
373,컴파운딩 경험
374,안내데스크 고객 응대
375,LMS
376,부동산
377,VR
378,주차매출 관리
379,행사 이주용역 업체 관리
380,시스코 스위치
381,어도비 포토샵
382,닭 단순절단
383,데미지 관리
384,간단한 공장 설비 보수
385,재원 관리
386,국내 바이어 응대
387,행사 운영하기
388,회원 내장객 접수
389,협력관리
390,외주 물품 조달
391,자동화설비
392,BL TOOL
393,배차전산관리
394,기관 소통 업무
395,시설 보수
396,비디오메타 사용
397,원가관리
398,신제품 소싱
399,소프트웨어 테스트하기
400,제품 기획
401,원만한 커뮤니케이션 능력
402,이미지제작
403,자습감독
404,천장 크레인 신호수
405,요양병원 접수
406,현장 인원관리
407,사무관리 경력자
408,원천업무
409,JLPT 2급이상
410,개선
411,CCTV설계
412,생산일정 관리
413,영업전략 수립하기
414,총무관리
415,더존 회계인사 업무
416,업무지시
417,현장관리
418,창업지원공간 운영
419,중국 공장과의 업무 진행
420,판매실적 정리
421,예약업무
422,금형업체 경력
423,생산 공정관리
424,한자 관련 자격증
425,유해물질 관리하기
426,회원 지원 업무
427,전기관리
428,인증서 관리
429,흑마늘 숙성실 전기적 조작
430,납품영업
431,선별
432,제조
433,기성취합
434,KUBERNETES
435,프로젝트 코디네이팅
436,위생교육
437,종이발주
438,근로기준법에 따른 근로계약서 분석
439,경비지도사 직무교육
440,고객센터 상담
441,문서 정리
442,데이터 마이닝
443,A 확인
444,자재 입출고
445,체육관련학과
446,원부재료 관리
447,UX 구현하기
448,관련 자격증 소지자
449,장비 RA
450,웹표준
451,품질관리 교육프로그램 개발하기
452,전기캐드
453,이슈 모니터링
454,라즈베리파이
455,시험업무
456,재고자산 수불 관리
457,기계 자재구매 발주
458,외관 검사하기
459,경영지원
460,근로소득 원천징수하기
461,전기무제한급 선임 가능자
462,고객 응대하기
463,식품 개발 생산 관리
464,발주관리
465,채권현황 파악
466,장애인복지법
467,외국어 가능자
468,제품표준서 작성
469,정보처리기능사
470,해외 박람회
471,산업용 에어컨
472,레벨
473,원부재료입고
474,화학공학
475,전산회계 자격증
476,JAVA SCRIPT
477,PC
478,섬유 원단 샘플 정리
479,서비스 관리
480,생산 제조
481,학사관리
482,수출화물 전산등록
483,사료공장 경력
484,ADP
485,일용직 투입
486,선발
487,전표작성
488,CAD운용
489,소방선임
490,프로젝트 관리
491,교육 안내
492,XPLATFORM
493,터널 경력
494,APM
495,영업 손익관리
496,납품일정 조율
497,불꽃놀이 연출
498,생산검토
499,화학사고대응
500,B2C
501,건축설비 관련 자격증
502,자재 출고 방법 설정하기
503,수출입 컨테이너 배차업무
504,건축시공
505,나라사업 발굴
506,캐드사용가능
507,영상 프로그램
508,레토르트 업무
509,협력업체관리
510,소방안전대행관리업체
511,탱고 시스템 작업 등록
512,응용소프트웨어공학
513,물자 관리
514,캐드 활용능력
515,운영 원칙 이해
516,GITHUB
517,경영‧사업 기획
518,출퇴근 관리
519,수입마케팅
520,기존 거래선 관리
521,간단한 사무 업무
522,피트니스 매장관리 경험자
523,BACK END
524,IPO 진행 경력자
525,계정별 원장관리
526,사업보고서 작성
527,법규 검토
528,차량관리
529,건물 임대 계약
530,프론트 영업자금
531,자재사무
532,라이브 서비스 운영
533,분양 타당성 분석하기
534,각종 사무관리
535,아래한글
536,고객사 관리
537,안전
538,사회복지 분야
539,택배 접수
540,공공기관 정보화 사업 감리
541,전표기표
542,업무 지원
543,품질관리 사무원
544,가격별 상품 구성
545,UX 설계
546,협력업체 선정하기
547,규정개선
548,산학 협력관
549,자재발주
550,원재료 관리
551,사무직
552,해당 문장에서는 생산관리사무원
553,케이스 작업
554,부가세 신고 업무
555,컴퓨터활용능력 우수
556,고객유지전략 이행
557,3D
558,국제계약규범 활용하기
559,수입신고서 작성
560,비품 유지하기
561,자동차서열경험
562,현장 착공
563,기업관리
564,연구소 기술지원
565,근무표관리
566,종이세금계산서 발행
567,차주관리
568,농약
569,직업훈련 평가
570,학생 생활지도
571,프로그래밍 언어
572,제품 기술정보
573,프로세스 정립
574,지장물 조서 작성
575,콘크리트용 화학혼화제 품질관리
576,의료 비품 관리
577,어도브 프로그램
578,농산식품 매장 관리하기
579,일반고객 관리하기
580,도면
581,UX 콘셉트 디자인
582,에어컨 조립
583,영문번역
584,FW
585,고정 설치 방식 결정하기
586,외주
587,PPT 작성
588,NODEJS
589,서버 기본 설치
590,서류 복사
591,CLAIM 업무
592,PPT 활용능력
593,차량소지자가 우대사항으로 언급되어 있습니다.
594,승인
595,월간계획
596,도면 이해
597,중량 점검표
598,건축설계
599,건축기사
600,신속하고 정확한 업무 처리 능력
601,관련 분야 학사 학위
602,관련업계 경험
603,아동복지관련 총괄업무
604,산업위생관리산업기사
605,건설안전산업기사
606,기타행정
607,인사업무
608,대표 업무
609,건설관련 금속구조물 제조
610,시설 운영
611,관급공사 관리
612,SNS 마케팅 컨텐츠 디자인
613,행정지원
614,고도화
615,캐드 설계
616,정보통신 감리원
617,C++ 언어
618,도장제품 생산관리
619,관련자격증 우대
620,S 전화 상담 업무
621,농업법인 상담
622,현장 제품출고원
623,노무관리
624,매입매출마감
625,생산 지표
626,SQL
627,제품 생산관리
628,온라인 MD 경력
629,고객 정보 관리
630,품질 관련 사무
631,현장 진행
632,GUI 프로그래밍
633,회계 관리
634,리눅스
635,민원관리
636,일반 자재 구매
637,외국선원의 입출국 심사 대행
638,기업
639,토목기사 자격증 소지자
640,런칭
641,POWER POINT 등 활용능력
642,정책 기획
643,안전시설 설치
644,금융소득 원천징수하기
645,인터칩 통신
646,엑셀업무
647,품질 개선방법 파악
648,요양보호사 자격증
649,관세법의 규정에 의한 수출
650,홈쇼핑
651,부동산감정평가업무 관련 사무직
652,계획 수립과 프로젝트 관리 역량
653,거래처 월마감
654,품질 검수
655,안전시설물 관리하기
656,엑셀능숙
657,퇴직소득
658,물류 관리 경력자
659,SQ심사
660,유통사 파트너 시스템
661,연구기획
662,소방
663,AUDIT 대응
664,입출납업무
665,경비신임교육 이수자
666,거래처 관리 업무
667,현장 안전교육
668,PPT 활용 등이 능통한 자
669,이커머스 시장 이해도가 높고
670,검사 업무
671,관리경력
672,센서 제어 소프트웨어 연구
673,상품포장
674,원가분석
675,판매량 집계
676,일용직 근로자 신고
677,방충ㆍ방서 관리하기
678,교포지원
679,공문서 수·발신
680,컨테이너 오케스트레이션
681,축구 전공자
682,플레이스토어 배포 경험
683,식약처
684,키워드 광고
685,VUEJS
686,펌웨어 코딩하기
687,L2스위치 개발
688,산소절단
689,정부공모사업 사업계획서 작성
690,자금계획 수립
691,교육생 관리 커뮤니케이션
692,회원사 입
693,기존고객관리
694,영어
695,블럭 검사 신청전 확인 절차
696,사료생산
697,영어 문서작성
698,배송 관리
699,근무 가능자
700,인공지능 학습
701,체크 인
702,철구조물 중공업생산
703,문서 유지관리하기
704,DB DESIGN
705,식자재 입고하기
706,펌웨어 검증하기
707,세무업무 총괄
708,작업지시서 작성
709,불만사항 수집
710,항공권 발권
711,실정보고
712,폐기품 관리
713,협업
714,전산회계 관련 자격증 소유자
715,영선
716,월
717,군 보안담당 업무 경력
718,무료직업소개 업무
719,가소성
720,협력업체 관리하기
721,시공관리
722,화장품과학
723,노무 관련 업무
724,월말마감 업무
725,카피라이터
726,구내통신구축 공사관리
727,사회복지 관련 시설 운영 경력자
728,4대보험 취득
729,ORDER 관리
730,전기
731,소분하기
732,자재사무원
733,입퇴사자 신고
734,계산서 발행
735,사진 찍기
736,위원회 관리
737,영어회화
738,통합심사
739,전기 선임 가능자
740,자료 작성
741,피드백
742,영상편집
743,자재구입
744,경제적 환경분석하기
745,인적관리
746,외근가능
747,공구자재 관리
748,봉제부
749,가구
750,프론트 사무원
751,관리업무
752,오프레타
753,판넬공사
754,발급
755,화장품 생산관리
756,직업상담사2급
757,아파트 회계 업무 유경험자
758,빅데이터 분석모듈 개발
759,소고기
760,대학행정업무
761,음 매출대비 원가 산출
762,관련 유경헙자
763,거래처순회 매장 관리
764,객실 예약 접수
765,사무OA 프로그램 자
766,수강생관리
767,더존 회계프로그램 사용 가능자
768,의약품 입고
769,신규 수강상담
770,자원화시키는
771,일반행정관리
772,일반기계
773,SHI 경력
774,조선해양관련 THIRD PARTY 소프트웨어 개발
775,미디어플래너
776,간이지급명세서 전자신고
777,연구비 행정업무
778,가스
779,영업 운영 계획 수립
780,HSK 5급 이상
781,브랜딩
782,월급
783,C++
784,MES전산사용
785,신선 수산물 취급관리하기
786,팀원
787,아파트 관리소장 업무
788,HRD-NET 교육 행정사무
789,아파트 관리사무소 경리
790,학교 환경
791,교통사고 조사
792,빅데이터 또는 RDB 기반 데이터를 분석하고 조합하여 고객이 원하는 데이터 융복합 DATASET을 만들어 제공한 경험
793,판매처별 행사
794,산업용 미디어 컨버터
795,주변환경 정리 정돈
796,프로젝트 개발
797,원자력공학
798,4대보험 신고관리
799,보험회사 보상과 경력자
800,전화 소통
801,매입매출
802,프로그램 운영
803,철판 절단절곡제작
804,입출하
805,인스타그램운영
806,1톤트럭 스틱 운전
807,운영 전반
808,건축 또는 토목 소지자
809,ROUTER
810,건설 현장 관리
811,SIEM
812,기타서류 보조
813,카본섬유 활용 스포츠제품 개발
814,국내외 식품 관련 규정
815,오피스텔 관리
816,관능평가
817,재가장깅양기관
818,수집 데이터 검증모듈 개발
819,현장검측·시공 확인하기
820,사회복지사 2급 이상 보유자
821,타이어 판매
822,자금운용관리
823,보증수리 일반정비 내역서 발행
824,서버내 탑재된 솔류션
825,인증평가
826,상품 원가 분석
827,매출 거래명세서 작성
828,영문 E-MAIL 독해
829,각종 센서 활용한 개발 경험
830,원천세 신고
831,사양관리
832,자동화 등
833,회계 관련 전공
834,RETAIL DEVELOPMENT
835,EAP
836,영업 경험자
837,자료수집
838,조직문화 활성화 방안 실행하기
839,PHOTOSHOP
840,고객 분석
841,인사제도 기획
842,소재관련 업종 종사경험
843,생산일정계획 수립
844,클라우드 인프라 모니터링
845,SW테스트 전략
846,세무리스크 검토
847,민원 응대
848,생산진도 관리하기
849,개인결체창
850,SNS 기반 활용
851,세미나 개최
852,대관 업무
853,회의 운영
854,출고
855,교육 개발
856,정보통신 지식
857,구급차 운전
858,사회복지
859,환경미화원
860,원자재 입출고 검수
861,거래처 불만대응
862,급여관리
863,건설기술인
864,분양상품 수요 분석하기
865,부동산 권리분석
866,세무정보처리
867,활동 유경험자
868,공정검사
869,부동산관련업무
870,하드웨어
871,3D 렌더링
872,제품공정별 관리
873,검품
874,배관설비
875,점검
876,신고업무
877,고객사 데이터베이스 관리
878,계약 관리하기
879,음료 제조
880,택 작업
881,계획서 작성
882,거래약정 감리하기
883,돌잔치
884,내PC지키미
885,UI 설계
886,생산현장 관리
887,경영실적 측정하기
888,과제비 집행
889,기타 관련서류 작성
890,치킨가맹점 수발주관리
891,배송업무
892,교육제도 운영
893,서류발급
894,창고 관리
895,차량 출고
896,제조수량 관리
897,통신연구개발
898,메시지 전달하기
899,운영 관련 프로그램 관리
900,매출입력
901,교육프로그램
902,장비운용 전문교육
903,퇴사자 관리
904,사회복지사 1급
905,경영지원업무 경력
906,여행상품 관리
907,자동소화장치
908,노무비 신고
909,주차장
910,무역 업무
911,무역분쟁 해결하기
912,공무보조
913,조선소 납품
914,구매단가 결정하기
915,산업안전보건관리
916,협정관세 혜택받기
917,세무 회계
918,선급검사
919,광고 기획
920,이벤트 전략과 방향 도출하기
921,퇴직연금 관리
922,원천세
923,도급직원 관리
924,온오프라인 영업
925,VLAN 구성
926,월마감
927,전기기사 자격
928,병원 접수 업무
929,여신업무
930,펌웨어 개발
931,데이터 처리
932,공공 사업 현장대리인
933,사무환경
934,인공지능 모델 개발
935,C# 개발자
936,지도사
937,펌웨어 개발환경 구축하기
938,건축경력
939,기계공학
940,PL 작성
941,정보통신기술자 경력수첩
942,생산일보 관리
943,경영 업무지원
944,정보화 활용 능력 자격증 소지자
945,물류고객관리
946,문화재보수업
947,네트워크 보안
948,선적서류 작성
949,테스트자격증
950,웹 개발
951,네트워크 운영
952,전기설비 관련 경험
953,전산업무
954,소셜커머스
955,소방 특급 선임 가능자
956,발굴
957,브랜드 분야 기획서 작성
958,재가노인복지시설
959,장기요양보험수가 청구
960,정보보안 관리
961,경기진행
962,수출입업무
963,홈페이지 관리운영
964,업체 관리
965,원자재
966,직업안정법
967,AR
968,산업용광스위치
969,우주항공 개발
970,FTA
971,결산준비하기
972,현장별 원가관리
973,절차 준수
974,행정 서류 관리
975,안드로이드 AOSP
976,LINUX 기반 소프트웨어 개발
977,생산 현장 총괄
978,자재 공급원 승인·검수하기
979,자재 공급회수 방법 선정하기
980,운송계획 수립하기
981,시스템 기획
982,근로자 관리
983,부동산 시장 분석
984,자금
985,전기무제한 선임 가능자
986,단가 협의
987,사업비 정산
988,회계 능숙
989,모바일 홈페이지 관리
990,컴퓨터 활용능력 1급
991,스마트폰
992,VR 디지털 콘텐츠 제작
993,예산 업무
994,목가구
995,VUE.JS
996,모듈 설계하기
997,기술인 입퇴사 신고
998,새로운 상품 컨텍
999,무역영어
1000,전화대응
1001,도면설계
1002,자료입력
1003,도서관리프로그램 구축
1004,데이터분석
1005,교육생 관리
1006,사업 지원
1007,생산일보작성
1008,전자상거래 관리
1009,자재재고 관리하기
1010,CAD 사용
1011,유선상담
1012,수출입 무역업무
1013,산출기초 작성
1014,수리원
1015,입원수속하기
1016,생산직 직원관리
1017,조직문화 활성화 방안 수립하기
1018,GUI 설계
1019,설계 경험
1020,이벤트 관리
1021,해외
1022,의료정보 시스템 개발
1023,빅데이터 플랫폼 테스트 설계
1024,포장작업
1025,원자재 수입
1026,고객시스템 장애 처리하기
1027,전기자재 납품
1028,연간 교육 프로그램 수립
1029,관공서
1030,총무
1031,한국경영원 김반장 프로그램 사용가능자
1032,해외바이어
1033,퇴직금 관리
1034,4대보험 가입
1035,미들웨어 설계하기
1036,1톤트럭 운전
1037,PC 자격증
1038,완제품 재고 관리
1039,자동차 품질 LQC 업무
1040,근무수칙
1041,전자태그 기계 납품
1042,포토샾
1043,건축설비
1044,홀 정리
1045,영문자료 작성 교정
1046,숙성햄생산
1047,개발품 품질관리
1048,이벤트 진행하기
1049,기능시험
1050,회계관리
1051,반응기
1052,파워포인트사용
1053,제품관리
1054,건설업 경리
1055,재고수불
1056,퇴직금 산정서 작성
1057,자료구조
1058,용접
1059,DT
1060,운전경력
1061,보안관리
1062,외부 품질문제 관리
1063,관리체계정립
1064,솔루션
1065,원활한 커뮤니케이션 능력
1066,EXCEL
1067,해운 계통 전공
1068,피드백 반영
1069,생물공학
1070,별도
1071,프레스작업
1072,직업상담사
1073,IPT 운용 경험
1074,레미콘 생산
1075,주간계획 수립
1076,진료비 수납기록 관리하기
1077,수불관리
1078,정보보안 제품군
1079,자료관리
1080,수입 통관 업무
1081,자동차부품 제조업 관리직 업무 필수 5년이상 10년 이하
1082,사업비관리
1083,연결재무제표 작성하기
1084,올리콘 리더십
1085,온라인 판매
1086,회원상담
1087,항공 AWB 작성
1088,택배
1089,동업종 팀장 경력
1090,NAC
1091,복합운송방법 결정하기
1092,자동차보상
1093,임대매매
1094,야간근무
1095,경영진 부재 중 응대하기
1096,세금계산서 발급
1097,내부감사
1098,해운대새일센터 채용대행
1099,수급자 관리
1100,EMP
1101,임금조정안 확정하기
1102,시공상세도면 작성
1103,유통 구매 경력자
1104,직업재활사업
1105,구매 업무
1106,더존 스마트A
1107,전기 설계
1108,충진 관리
1109,비품 처분하기
1110,SNS 마케팅
1111,임베디드 소프트 설계
1112,피다 생산작업
1113,전산기기 관리
1114,전기 1
1115,스포츠 사업 경험
1116,수입환경 조사하기
1117,재활상담사 자격
1118,타이어 장착
1119,수입조건 협상
1120,영어자격증 소지자
1121,부동산 자료 수집
1122,무선통신시스템구축
1123,생산인력
1124,부대시설 관리
1125,생산인력 관리
1126,어드민 경험
1127,해외바어
1128,POP SYSTEM 개발
1129,현장
1130,예약상담
1131,인원배치
1132,인쇄물 관리하기
1133,서비스 배포 체계
1134,선박부품 구매 자재관리
1135,자재
1136,상품취급
1137,기타 공공사업 사업관리자
1138,서류정리
1139,레이저 컴작업
1140,C# OR LABVIEW
1141,기계 설비 원리 이해
1142,기업고객 모니터링하기
1143,총괄업무
1144,직원채용
1145,위생과 위생점검
1146,행사관련 계획 수립
1147,유압
1148,조경업 경험 관리인
1149,강의경력자
1150,전산회계1급
1151,제출
1152,COPY WRITER
1153,빅데이터 분석시스템 설계
1154,전파전파 특성 검토
1155,디자인 프로그램 운영
1156,인근 거주자
1157,박스포장
1158,경영실적 피드백하기
1159,프론트데스크 업무
1160,과학
1161,앱개발
1162,조직 리딩 경력
1163,원재료 입출고 관리
1164,홍보력
1165,T 소프트웨어 검증
1166,생산현장
1167,회계 업무 총괄 관리
1168,설비조작
1169,수동라인
1170,AWS 환경에서의 자원 구축
1171,MD 관련업무 경력
1172,사업장 관리
1173,학원 마케팅
1174,FIRMWARE 개발
1175,ISMS-P
1176,정부 지원 사업 발굴
1177,IC CARD READER
1178,서비스 수준 관리하기
1179,대학 안전관리
1180,이벤트 실행계획 작성하기
1181,분양계약
1182,컨벤션기획사2급
1183,인플루언서 경험
1184,의전업무
1185,DB ORACLE
1186,PYTHON
1187,영업 관리
1188,출장 업무
1189,도시계획
1190,해당 문장에서는 복지카드 소지자 자격요건과 유관업무 경력자
1191,전기산업기사
1192,장비 수리
1193,연구관리
1194,해기사 승선 경력자
1195,문서 작성 프로그램 활용능력
1196,해외 수
1197,일반 문서작성
1198,결재 관련 업무
1199,자료정리
1200,PACKING
1201,교육 진행
1202,일반행정
1203,비행조형물
1204,식자재 포장
1205,개선 능력
1206,무역영어 자격증
1207,생산 제품 관리
1208,IMMERSIVE MEDIA
1209,적하보험 가입하기
1210,전기안전
1211,사출
1212,고무제품 규격 파악
1213,엑셀 능통한 자
1214,생산 포장 관리
1215,시험 성적서 작성
1216,아웃바운드 CS
1217,2급
1218,설계도면 작성
1219,회계 업무
1220,조립식 건축
1221,욕실용품 생산
1222,간단한 컴퓨터 활용
1223,시스코 관련 자격증
1224,협회 신고
1225,자동차운전
1226,인건비 현황 분석
1227,DHL온라인 예약
1228,해외 프로젝트 관련 관리 서류 작성
1229,측량
1230,3D 렌더링 스크립트 작성
1231,상품 단가 관리
1232,온라인 시장분석
1233,MICE
1234,제관
1235,데이타 입력
1236,미장
1237,기구 해석 수식을 C 언어로 코딩
1238,차량 정비
1239,통합전산시스템 관리
1240,국
1241,공학계열 전공자
1242,입장권발권
1243,에너지기능사
1244,가동설비 확인
1245,창호공사 현장관련 자재발주
1246,ERP관리
1247,직업훈련분야
1248,기타 수명업무
1249,통신 프로그래밍
1250,스테인리스 소재 필거
1251,IAC
1252,마케팅관리
1253,영업관리
1254,DEVEXPRESS
1255,공정감독
1256,기본급
1257,LIN 등 구현
1258,회계사무소
1259,생산기술
1260,엑셀사용
1261,기계설비 면허
1262,홀서빙업무관리
1263,진열
1264,인터넷 뱅킹
1265,가정용품
1266,3차원 측정기 사용
1267,하청
1268,CS
1269,기본적인 컴퓨터 활용능력
1270,외부감사
1271,세무사 사무실 근무 경력자
1272,품질 관리
1273,산재전문
1274,하드웨어 개발
1275,식품 가공
1276,회의·컨벤션
1277,건물 에너지 관리
1278,행정 DB 설계
1279,차량소지자
1280,원사
1281,인사기획
1282,운전자보험
1283,클라우드 기반 시스템 운영관리
1284,포스 설치 유지 보수
1285,빅데이터
1286,헬스기구 관리
1287,인재개발
1288,캐릭터 상품 소비자 분석
1289,건설기술
1290,입식지게차 활용
1291,병원사무장
1292,SPI
1293,전반적 생산 제조 공정 계획
1294,VB
1295,현장사원 관리
1296,클라우드관련 업무 경험자
1297,블로그운영
1298,2.5톤 화물차 운전가능자
1299,고객선호도 평가
1300,클라우드 네이티브 개발자
1301,미수관리
1302,행사 주관
1303,최적안 돌출
1304,보증수리 일반정비
1305,회계감사 준비
1306,거래제안서 작성
1307,통역
1308,농업·농촌 법인 조합원
1309,조선
1310,법인 결산
1311,사무실 서류
1312,JAVASCRIPT
1313,NC가공
1314,비교과 관리
1315,민원접수
1316,촉진전략 수립
1317,앱 구현
1318,자동차 부품 조립라인 관리
1319,자재 출고
1320,진행관리
1321,책임감
1322,내주링 성형기 운영
1323,사랑하는 일에 집중
1324,D 연구과제 사업
1325,관련 업종 유경험
1326,NOSQL
1327,HACCP 인증관리
1328,기구물 제작하기
1329,HRM
1330,관리비 정산하기
1331,로스율 산출
1332,소프트웨어 유지보수
1333,L
1334,캠페인 기획
1335,회사 홈페이지 개선
1336,창호공사 시공
1337,물품 구매 업무
1338,보안 조치
1339,신규 사업개발
1340,사무실내 근무
1341,IA
1342,REACT
1343,SLACK
1344,RESTFUL API 설계
1345,변호사사무장
1346,자재창고관리
1347,인력 운영 경험자
1348,모듈캐리어지그
1349,시설
1350,CNC 가공
1351,영문 이메일
1352,리팩토링 적용하기
1353,인사 조직 계획 수립
1354,WEBSQURE
1355,노무 김반장 P
1356,티셔츠 영업 경력
1357,인사시스템관리
1358,환경관리지원
1359,매입처 관리
1360,소방 자격증
1361,부동산 현황 분석
1362,목공예품
1363,각종 사무업무
1364,NUXT
1365,구청
1366,1종 대형운전면허
1367,품질문서 개발
1368,요구사항 명세화하기
1369,OEM포장자재발주
1370,어플관련상담
1371,승선허가 신청
1372,내부 창고 관리
1373,생활화학제품
1374,이벤트 디자인 도출하기
1375,유경험자
1376,수주 입력
1377,생산인원
1378,1종보통운전면허
1379,4대보험 관리
1380,원산지 서류 관리
1381,MS-SQL RDBMS 운영
1382,협상 실행
1383,W 개발자
1384,단말장치 운용하기
1385,포장육 검사
1386,전산 ERP 사용가능자
1387,안전계획 수립하기
1388,원료 입출고관리
1389,미수금관리
1390,품질관리 경력무관
1391,식품제조 생산관리
1392,일학습병행
1393,노무사
1394,본사 관리
1395,인증제도 활용ㆍ유지관리하기
1396,DEEP LEARNING
1397,TEKLA
1398,도장부서 총괄 관리
1399,수리후 결제
1400,임대기준 책정하기
1401,캐드 도면 해독
1402,컴퓨터 자
1403,생산조건관리
1404,계약금액조정
1405,임상문헌 분석 연구
1406,룸정리
1407,외국어 통역
1408,제조원가 관리
1409,유니티 엔진
1410,해상항공 수출입 업무
1411,레이저 제어
1412,개정
1413,거래처원장
1414,결제
1415,CAD 가능자
1416,사다리 작업
1417,청소
1418,항공 수출입
1419,조선해양블럭 경험자
1420,SNS 컨텐츠 기획
1421,농장 계사
1422,R 접수
1423,CREATIVE DIRECTOR
1424,비지니스 영어
1425,더존 ICUBE
1426,관리비 고지서 발부
1427,가스관리자
1428,스티커 부착
1429,구매 자재 관리 업무 경험자
1430,위험물
1431,중식 제공
1432,주문접수
1433,콘크리트 시험
1434,계획수립
1435,온라인 영업
1436,건축공사 시공
1437,회의종료 후 업무
1438,회계프로그램 사용경험자
1439,재고파악
1440,협회 사무 업무
1441,자재 수불
1442,빅데이터 플랫폼 기능 테스트
1443,예산 편성
1444,광고툴 사용 경험보유
1445,출하
1446,딥러닝
1447,선박대리점
1448,매입
1449,IPT
1450,입출금관리
1451,영어능력
1452,물류영업
1453,고객만족 교육
1454,주택관리사보 자격증 소지자
1455,요양보호사 관리
1456,창호 경력자
1457,평생학습
1458,경영진에게 업무 보고
1459,피플 세이프티 정책 준수
1460,스마트 저축은행 관련 이용문의 안내
1461,CCP 유효성평가
1462,전기안전관리자선임
1463,요청 정보 제공하기
1464,마이크로소프트 워드
1465,의료기기
1466,HTML
1467,분양상품 공급 분석하기
1468,원부자재 재고관리
1469,회계 관련 자격증
1470,델파이
1471,배차보조
1472,정보통신
1473,적정인력관리
1474,거래서
1475,교육 지원
1476,생산스케줄
1477,국내법인관리
1478,가설건축물관련 설계유경험자
1479,생산 현장 관리
1480,전산세무1급
1481,사무실 시설관리
1482,더존 프로그램 사용 전표처리
1483,연구소
1484,SNS 채널 관리
1485,빅데이터 서비스 변경 관리하기
1486,세금계산서관리
1487,정보 기기 관리하기
1488,중량
1489,자재 출고 검사하기
1490,택배포장
1491,물리적 환경분석하기
1492,WI-FI
1493,무역서류 발송
1494,DOCUMENTS 관리
1495,무역관련 자격증 소지자
1496,내부거래위원회 운영
1497,사업별 경영계획 조정하기
1498,인적자원 기획하기
1499,유입
1500,E나라도움
1501,LABVIEW
1502,현장정리
1503,직업상담사 자격증
1504,기타 마케팅
1505,요양보호사 채용
1506,진행
1507,패킹
1508,공조 기술
1509,IT 컨설팅
1510,경영진 일정 조율
1511,행사 진행
1512,산지유통
1513,총무 업무 경력자
1514,주문전화관리
1515,요구사항 검증하기
1516,호텔 구매 담당
1517,관제실 보안
1518,비즈니스 E-MAIL 영어 읽기
1519,작업표준서 작성하기
1520,납부
1521,식품제조공장 원부자재 구매 경력
1522,회사내규관리
1523,고객 상담
1524,자동차 부품 업체 경력
1525,ONNX
1526,전기 분야 자격증
1527,가동 가능
1528,원천징수이행상황신고
1529,상차
1530,영어 가능
1531,영상 촬영
1532,블로그 관리
1533,자차소지자
1534,필리핀 언어를 할 수 있는 한국인
1535,웹개발
1536,자재 출고 관리하기
1537,자사 통신장비 구축
1538,OCPP 1.6
1539,지역사회 사회복지를 위한 전문 지식
1540,기계실 관리
1541,석산 현장관리
1542,커피 제조
1543,절차 안내
1544,해외로부터 물품확보하기
1545,온라인 프로모션 등록
1546,문서작성
1547,급여대장 작성
1548,화학 제품 자재 구매 사무원
1549,수산물 유경험자
1550,행사계획 수립하기
1551,방서 점검
1552,위생법규
1553,자문 위원 매칭
1554,해상 수입
1555,프레스
1556,컴퓨터 활용
1557,기성 청구하기
1558,거래처 마감
1559,운송 ORDER 접수
1560,식품원료
1561,온라인 바이럴 마케팅
1562,신고대리업무
1563,직원 모집
1564,뉴스페이스 리더 양성 교육체계 수립
1565,유사 업무 경험자
1566,캠프
1567,네트워크시스템 구축
1568,세무조정하기
1569,장류
1570,원부자재 구매
1571,물량 산출
1572,DBMS 기초 기술지원
1573,남자 샤워실
1574,지게차운전기능사
1575,수입관련업무
1576,아트웍
1577,하우스키핑
1578,전산 입력
1579,내방객 방문 후 업무하기
1580,수출입컨테이너운송
1581,ERP 경험자
1582,폐기물
1583,정보시스템 분석
1584,픽업
1585,안전관리경력자
1586,반응형 디자인
1587,고객정보 등록하기
1588,관련 업무 경력자
1589,진취적인 마인드를 통한 능동적 업무가 가능한 분
1590,영상 컨텐츠 제작 가능
1591,물량 내역 일정 검토하기
1592,콘크리트 제품 제조
1593,3D 설계
1594,사건 처리
1595,이사회 운영
1596,건축공사업
1597,분석
1598,현장 생산관리
1599,재무팀 업무
1600,청소활동 마무리하기
1601,L 발행
1602,건설현장 현장별 시공지도
1603,건축 초급
1604,작성
1605,안전회의 참석
1606,기본 사무 업무
1607,차량 조달하기
1608,재고조사
1609,경조사 관련 업무하기
1610,인테리어 자재 매장 관리
1611,식자재 ERP 프로그램
1612,내
1613,시험
1614,개발경력 3년이상
1615,공정제품 품질관리
1616,APPLICATION
1617,자금조달
1618,재활용
1619,SNS 활용
1620,고객 영업
1621,창고 업무
1622,라이노
1623,현장조회
1624,CONFLUENCE
1625,음성 인식
1626,인쇄 패키지 영업
1627,업체평가하기
1628,팩킹리스트 작성
1629,프레스 기계 수리
1630,항공물류 실무자격증
1631,보세사
1632,POS 관리
1633,현장소장
1634,국비행정
1635,건설현장 작업
1636,DOCKER
1637,노임검토
1638,요양원의 운영관리
1639,HIVE센터 업무전담
1640,유압프레스 제작
1641,도시재생 주민 조직
1642,법정임금 준수
1643,종합소득세신고하기
1644,취득
1645,세무사랑 사용가능자
1646,임가공
1647,손익계정 마감하기
1648,물품구매하기
1649,현장연출
1650,이수자 평가
1651,중국 구매
1652,계약조회
1653,고객문의
1654,보증수리
1655,법정직무교육
1656,클레임접수
1657,팀워크
1658,인사 운영 업무
1659,일반행정 업무
1660,검수 업무
1661,공연 제작예산 관리하기
1662,프로젝트 승인서류 제작
1663,수출입운송 계약하기
1664,상품 입
1665,생산업무
1666,상세페이지 디자인
1667,블로그 운영
1668,채용계획 수립하기
1669,직업상담사1급
1670,제품 입.출고 관리
1671,착
1672,각 라인 직원관리
1673,과세대상소득 확정하기
1674,외근 업무 수행
1675,운영 서버 연동
1676,농업기술센터 교육
1677,주방보조
1678,배차업무
1679,제품평가 결과 파악
1680,인쇄 제작관리
1681,홈페이지 등으로 주문을 하면 주문서를 발주하는 것
1682,FRONT-END 개발
1683,자동차 부품 생산
1684,백엔드 개발
1685,통합배선 적용
1686,문서입력
1687,기구물 설계하기
1688,SNS 홍보 기획
1689,희망이음
1690,SNS마케팅
1691,일을 배우면서 할 수 있음
1692,민간 토지 보상 상담 협의
1693,트랜드 리서치
1694,안양대학교 홈페이지 공지사항 참고
1695,스캔
1696,표시사항 관리
1697,사회복지분야 실무
1698,앱 서비스 마케팅
1699,보세창고 업무
1700,모바일 서비스 기획
1701,온오프라인 홍보
1702,제품출고
1703,건물 임대
1704,해외 업체
1705,세금납부
1706,P설치 시 현장 관리감독
1707,예약
1708,GIT
1709,생산계획 관리
1710,미디어 채널 네트워크 관리
1711,내방자 상담
1712,물류영업 관련 법률 숙지
1713,성능인증신청
1714,생산 수율 관리
1715,직원근태관리
1716,웹디자인
1717,광전송장비
1718,홍보 계획 수립
1719,인발 기계 조작 관리
1720,우레탄성형
1721,근퇴관리
1722,납기관리
1723,업무 보고
1724,과실류의 생산
1725,이벤트 운영매뉴얼 작성하기
1726,모듈 구현하기
1727,부과
1728,수납관리
1729,품질시스템 인증
1730,서비스 기획
1731,가마 구움
1732,신고대행
1733,출입신청
1734,설계도면 검토
1735,품질관리계획 수립하기
1736,위생 관리
1737,스포츠시설 홍보
1738,생산결과분석
1739,해외 전자상거래 화물에대한
1740,송품 처리
1741,은행출납
1742,도면 설계
1743,소프트웨어 제작하기
1744,제품 검사
1745,모바일 앱 구축
1746,수출 상담
1747,협력
1748,공사 시공
1749,사회복지기관 경력
1750,화장품 ODM
1751,전기산업기사이상 우대
1752,서빙찬 준비
1753,건축
1754,사무환경 관리하기
1755,영수증 발행하기
1756,수출 업무
1757,사용자 모션커맨드 활용
1758,HMI
1759,문화 행사 기획
1760,건설관련 조경기술자
1761,침구
1762,정보처리산업기사
1763,일정 관리
1764,작업 레시피 제작
1765,유선선로설비 적용
1766,경력 3년 이상
1767,납품관리
1768,더존 위하고 사용
1769,컨벤션 관리
1770,행사 관리
1771,ANGULAR
1772,객실 주임경력
1773,생산비용 산출하기
1774,검토
1775,총무 업무
1776,세금계산서 발챙
1777,소프트웨어 개발
1778,해외 영업 관리
1779,스페인어
1780,교육원
1781,전표정리
1782,사무환경 관리
1783,설계 변경하기
1784,자재 싣고가는 업무
1785,적재율 관리
1786,사회적기업
1787,워드 작업
1788,기관운영관리
1789,토목 초급 이상 자격증
1790,직능통합 CEO클럽 운영
1791,이용료 수납 관리
1792,실습업무
1793,학사시스템 데이터 처리 관리
1794,미화
1795,연말정산업무
1796,고객 설득하기
1797,요양병원
1798,조립
1799,도면 해독
1800,부가세 신고 업무지원
1801,운전면허 소지자
1802,입.퇴실관리
1803,기계조작
1804,최적화
1805,현장별 자재 출고
1806,온라인 쇼핑몰 상세페이지 관리
1807,설비유지보수
1808,외부 회계감사
1809,예산관리
1810,테스트 자동화 도구
1811,코일 가공
1812,업무보조
1813,기본문서 작성
1814,산학연 협의체 운영
1815,사진촬영
1816,보안관리하기
1817,핀테크 서비스 개발
1818,계약서
1819,마케팅 경험
1820,이화학 기계
1821,재고
1822,공연 제작인원
1823,불출관리
1824,수행업무
1825,SNS마케팅 관리
1826,송장
1827,입장요금 수납
1828,납품납입관리
1829,적재
1830,제조업 생산관리 경험자
1831,세금계산서 매입매출
1832,SPRING MVC
1833,위생법 자문
1834,유모차대여
1835,MS OFFICE
1836,공공조달 마케팅
1837,이해와 능력
1838,생산 인원 관리
1839,설비 관리
1840,고객유지전략 수립
1841,영화관 경리
1842,주변장치 연동
1843,시설물 관리
1844,안테나 개발 시험
1845,법규 준수
1846,예약 관련 자료 작성하기
1847,영어 이메일 관리
1848,토공사업
1849,웹
1850,건축 자격증
1851,일반 사무
1852,손님 대응
1853,출납업무
1854,지게차 부재 선별
1855,유사근무 경험
1856,협의 가능
1857,가구 인테리어 현장 담당
1858,태양광 발전
1859,요양병원 원무행정
1860,생산량 관리
1861,국제복합운송
1862,현대자동차 전산업무
1863,법률자문
1864,1톤차량운전가능자
1865,업체발굴
1866,시계열 DB
1867,거래처마감 사무
1868,반제품 검사
1869,제안서작성
1870,수입환경 조사
1871,건설 사무업무
1872,문서 작성 능력
1873,키오스크 관리
1874,하도급업체관리
1875,총무 행정
1876,DB 구조화에 대한 높은 이해력
1877,BIS
1878,중국 관련 비자 대행
1879,회계처리 진단
1880,교육 효과성 분석
1881,워터젯
1882,건설입찰수주
1883,승강기안전관리자
1884,은행신행자료
1885,자재 납품 운전
1886,관세 등 제세 납부하기
1887,외항선박의 입출항 수속 대행
1888,CCTV
1889,노무 관리
1890,안전교육
1891,차량 운전
1892,종합 컨설팅
1893,시설 행정
1894,안드로이드 AOSP JAVA
1895,프로그램 개발
1896,직원관리
1897,더존WEHAGO프로그램 사용
1898,1톤포터차량 운전
1899,품질 관리자
1900,사업PM
1901,박람회 참가
1902,문서 작업
1903,ELECTRIC HEAT TRACING
1904,대외평가
1905,인사노무관리
1906,해외대리점 관리
1907,운영
1908,기타 사무업무
1909,기획서 작성
1910,전산 등록
1911,장비 경험자
1912,일정관리
1913,회의 홍보매체 활용계획 수립하기
1914,인프라 운영
1915,로깅 파이프라인과 모니터링 시스템 구축
1916,수정
1917,회로 자재
1918,세금계산서 업무
1919,청소업무
1920,제조업 생산관리
1921,HRD-NET 행정지원시스템운용
1922,비서업무
1923,서비스
1924,스마트팩토리구축
1925,실박스 출고업무
1926,관리비 단가
1927,백업시스템 운영관리
1928,인력양성
1929,신규개발 제품회로설계
1930,임금계약 체결하기
1931,일러스트레이터
1932,C#
1933,경영진 전화 연결하기
1934,프런트
1935,건설
1936,해외발송
1937,투입부
1938,산학융합R
1939,생화학
1940,자동차 부품 흡음제 생산
1941,경쟁분석
1942,용어
1943,간단한 문서작성
1944,작업지도표
1945,3D CAD 가능자
1946,상품 시장 분석
1947,기존 제품 개선
1948,예약고객 안내
1949,INFRA
1950,선적체크
1951,자동차운전면허 1종보통
1952,비계구조물 해체공사
1953,메분
1954,자재 수불 관리
1955,자재 입.출고
1956,고객 의전 수행
1957,청구서 작성
1958,센터 사업 추진
1959,전자기기 능숙도
1960,개발
1961,서류 정리 유지관리
1962,매출 관리 업무
1963,아파트 특판가구
1964,택배업무
1965,예약 현황 확인하기
1966,자격증
1967,빅데이터 플랫폼 비기능 테스트
1968,정기점검
1969,가공공장 경력
1970,잔산관리
1971,러시아어
1972,지역사회 기반 암환자 프로그램 지원
1973,프론트 업무
1974,실적 관리
1975,자동차보험 실장 경력자 우대
1976,환경업무
1977,MLOPS
1978,유무료 직업소개
1979,수출 반출입 전송
1980,세심한 가공
1981,승선 경험
1982,판넬 내부 전기
1983,상수도공사업
1984,제안시기획지원
1985,MFC UI 프로그램 개발
1986,물자관리
1987,컴퓨터 시스템 개발
1988,기술교육 진행지원
1989,인력운영계획 수립하기
1990,자동차
1991,추가 사용 내역 확인하기
1992,생산량
1993,투입관리
1994,내방객 응대 준비하기
1995,오피스 활용
1996,공업기계 제작 경력
1997,진단
1998,CONFIGURATION MANAGEMENT
1999,온라인
2000,DJANGO
2001,일반행정 업무 경력자
2002,MCT 가공
2003,식량작물공동경영체 사업 교육
2004,인증
2005,부품교체
2006,해외자재 구매
2007,위생관리
2008,광케이블 공사
2009,상품 촬영
2010,소방안전관리자 1급
2011,근로자직업능력개발법
2012,1톤 트럭 배송납품
2013,부자재투입
2014,SNS콘텐츠 기획
2015,LEADERSHIP
2016,캐릭터 상품 광고매체 선정
2017,특강 운영
2018,추가요금 적용하기
2019,평가진행
2020,자차 출근 가능자
2021,MR
2022,유관업무 경력자
2023,제품 개발 관리
2024,항공
2025,전화상담
2026,생산일지작성
2027,생산직원 관리
2028,월별마감
2029,고용지원금 관리
2030,관리비 부과업무
2031,경영 마인드
2032,입출고 확인관리
2033,가스배관 시공관리자
2034,금속제품 포장
2035,전력변환 장치 통신 제어
2036,모터 컨트롤러
2037,기존 거래처 관리
2038,화장품영업
2039,회계 사무보조
2040,연관 업체 조사하기
2041,건축도장기능사
2042,구축 도면 작성
2043,대용량 트래픽 처리
2044,관리자 경력
2045,협력업체 발주
2046,재활학 전공
2047,노무법인 서류 전달
2048,법리검토
2049,CSTS 소지자
2050,회계처리 능력
2051,레미콘
2052,포장라인-PO체크
2053,현장지원
2054,회화
2055,일반 매입매출관리
2056,시험분야
2057,자재업무
2058,문서 제출
2059,MS오피스 능력 상급자
2060,서비스직 경험자
2061,사무원
2062,배송 지원
2063,가공품 운반
2064,전기전자 제품수리
2065,공원묘역 경원지원 관리자
2066,고객측 품질 관련 질의 응대
2067,임베디드 시스템
2068,데브옵스
2069,협회 수료보고
2070,관리직
2071,대형 복합건물 개발 경험
2072,합형
2073,사대보험관리
2074,마트 청과물 코너 근무
2075,기업훈련지원
2076,미디어
2077,영어 문서 작성
2078,사무관리업무
2079,컴퓨터활용능력 우수자
2080,일정관리업무
2081,영상 기반 야생동물 인식
2082,기타 공무
2083,가스안전공사 전문교육 이수
2084,공문관리
2085,생산실적 관리하기
2086,세무
2087,잔업
2088,정보보안기사
2089,줄잡이
2090,업무관련 행정서류 작성
2091,UNREAL 지식
2092,컴퓨터 활용능력
2093,원활한 협업 경험
2094,사내 전산
2095,고객검사
2096,사규 제
2097,고객 내장등록
2098,기술전략 기획
2099,POSTING하기
2100,작업지시
2101,3.5톤 냉동탑차운전
2102,공급자 납기 일정 관리
2103,버그 핫픽스
2104,기타 업무 지원
2105,인터넷 쇼핑몰 주문
2106,4대보험 상실
2107,운송서류 구분하기
2108,사무업무 지원
2109,고객 관리
2110,수지분석
2111,인디자인
2112,진료접수하기
2113,문화기관 경영 기획
2114,브랜드 마케팅 전략 수립
2115,반품
2116,협력 업체 대응
2117,광고주관리
2118,EMR프로그램 설치
2119,연결정산표 작성하기
2120,LCL
2121,해상 특송
2122,SCRUBBER INSTALLATION SUPERVISION
2123,창업
2124,지급내용 품의
2125,JIRA
2126,솔루션 메뉴얼 작성
2127,통신 설계
2128,3톤미만지게차
2129,터미널 운영
2130,작업지시서 배포
2131,경력직
2132,정규직
2133,현금경비 관리
2134,임대면적계획 수립하기
2135,문제해결
2136,식
2137,자재 구매 입출고
2138,매출 입력
2139,기술직
2140,국내 수출입 컨테이너 운송
2141,펌웨어
2142,퇴사자 사대보험 신고관리
2143,금융기관
2144,한글
2145,메일 답변
2146,프로모션
2147,현장 설비 관리
2148,세탁실 관리
2149,카페24
2150,보안감사 대응
2151,평가
2152,업무 지시받기
2153,수납업무
2154,설비
2155,MSSQL
2156,관련회사 근무 경력
2157,수출입통관
2158,CAD작업자
2159,영상 전송
2160,장애 대응
2161,W 관련 지식
2162,프론트엔드 기술
2163,수삽
2164,상품 재고
2165,결산준비
2166,검사 기준서 작성
2167,커리어 성장 프로그램
2168,조사분석
2169,D 수행경험
2170,보상 업무 보조
2171,수출통관 준비하기
2172,입퇴사관리
2173,엑셀 고급능력자
2174,제안 사업
2175,퇴실관리
2176,사후관리
2177,SPRINGBOOT
2178,PC작업
2179,커뮤니케이션 가능
2180,법정교육
2181,예약 대행하기
2182,매매
2183,발신 업무
2184,조경자격증
2185,안전 서류 작성
2186,도서관리시스템 유지보수
2187,원료 확인
2188,설비자재부속
2189,인사이트 도출
2190,안전 관리 시스템 작업 등록
2191,세무조사 대응
2192,물품 입
2193,도장검사
2194,거래명세서 작성
2195,내부 회계 관리
2196,사전조사 실측하기
2197,매출처 마감
2198,시설복지급
2199,LINUX 상에서 실행되는 로봇 데이터 제어 소프트웨어 개발
2200,유선 대응
2201,제안 영업
2202,선원핸들링
2203,화주 관리
2204,병목 발견
2205,CFPS
2206,자료 전달
2207,훈련생 모집
2208,기성 관리
2209,시스템 운영
2210,이물재선 관리
2211,스토어팜
2212,문서정리
2213,중장비부품 생산관리
2214,회계감사
2215,유무선 인터넷
2216,창고 입출고 관리
2217,소모품구매
2218,WIKI
2219,BUDGETING
2220,TRUMF 4050 6KW
2221,ISP
2222,정리하는
2223,온도
2224,판매계획 수립
2225,건축 관련 업무 경험자
2226,DB접근제어
2227,상품
2228,유관업무 경험자
2229,네이버 광고
2230,내부 회계 관리 제도 수립
2231,프레스 금형
2232,농산물판매
2233,관련분야 유경험자
2234,수급자관리
2235,OPERATING
2236,급여 입력
2237,미리캔버스
2238,제품 재고 파악
2239,해외 의류오더 수주관리
2240,스케치업
2241,입주민 입
2242,관리감독
2243,경량조형물
2244,OFFICE 활용 능력
2245,기관 협조 업무
2246,납품 배송
2247,건설회사 유경력자
2248,박스 작업
2249,프로그램 테스트
2250,컴퓨터 사용
2251,수출입 통관
2252,퇴직보험 관리
2253,고객 클레임 상담
2254,철골
2255,경비업무
2256,제작 검토
2257,창고 수배
2258,HACCP 관리
2259,웹방화벽
2260,세무회계 프로그램
2261,관련 업무
2262,FCC
2263,의장 생산관리 업무
2264,근무 형태
2265,화장품 용기 사출 품질관리
2266,생산현장 인원관리
2267,기타 설비 보전
2268,캔디류 생산관리
2269,생산지시
2270,타당성분석
2271,협상전략 수립
2272,업무 부서장
2273,CUSTOMER SUPPORT
2274,생산정보 관리하기
2275,빅데이터 플랫폼 점검하기
2276,대행사
2277,제품 판매
2278,웹 접근성
2279,수불 관리
2280,구매 발주서
2281,바이오제약합성설비
2282,PI 작성
2283,문서작성 우수자
2284,ERP 구축 개발
2285,개인 결산
2286,서비스 수준관리 준비하기
2287,각종 세금신고
2288,설비분야 경험
2289,전장시운전
2290,토목 제도
2291,해외 EPC 프로젝트 수행 경험
2292,과정평가형 자격취득 전반 업무
2293,현장 생산 공정 확인
2294,대금 결제 관리
2295,오퍼레이터
2296,고객안내
2297,네트워크 관련 기반 지식
2298,전화 예약 상담
2299,JSP
2300,보안
2301,IT시스템 변경관리
2302,골프장 현관 안내
2303,카트 관리
2304,법인차량
2305,포장관리 업무 경험
2306,견적서 제출
2307,제조 업체 관리
2308,PAYROLL
2309,보일러자격
2310,선원교육
2311,노무 지식
2312,태양광발전소 유지관리
2313,개발업무
2314,공정표준화 관리
2315,임금계산
2316,인원 수급
2317,동종업종 경험
2318,매장운영 관리
2319,생산 업무
2320,임대차계약 체결
2321,가맹점 신규 오픈 지원
2322,하우스내묘목관리
2323,각 부서 위생교육
2324,자재 입고 검사하기
2325,매점 관리
2326,우수고객 관리하기
2327,클라우드 서비스
2328,결산 업무
2329,CAD설계
2330,외주 반출
2331,자재 입고 관리하기
2332,프레스 생산관리
2333,제조업경리
2334,공사진행
2335,컴퓨터 활용능력자
2336,항공 상담
2337,인사 노무 관리
2338,가입금 입출납 관리
2339,건축산업기사
2340,타부서와의 소통 능력
2341,특급 필수
2342,자재공급 주선
2343,부가가치세 신고
2344,현장 공사 업무 관리
2345,도태 스케줄관리
2346,호텔 관련 전공자
2347,생산문서 작성
2348,작성지원
2349,자가품질검사
2350,전자제품 영업
2351,농산식품 구매하기
2352,방문환기 하기
2353,완제품 냉동창고 재고 수불관리
2354,BIZ 사용가능자
2355,거래처 발주
2356,휴게소 매장 운영관리
2357,상품 판매
2358,제안
2359,C언어
2360,정리정돈
2361,물류영업 분석
2362,자재 생산
2363,업체개발
2364,안전시설 자체개발 사용
2365,네이버 스마트스토어
2366,데코시트 구매부서 경력자
2367,신규개발
2368,IOT
2369,무역 실무
2370,자금 기획 관리
2371,자재 조달
2372,정보통신 감리
2373,체크인
2374,단순하역
2375,앱 관리
2376,스포츠센터 안내데스크 직원
2377,UX 기획
2378,항통
2379,정리
2380,예약 변경하기
2381,감리
2382,발주 진행
2383,급여 관리
2384,유관업무 경험
2385,경영진 부재 중 응대
2386,CAD 도면 이해
2387,견적서 관리
2388,경영진 일정표 작성
2389,면허
2390,브랜드 전략
2391,온라인 상품등록
2392,온라인 쇼핑몰 매출 향상 유경험자
2393,광고홍보 전문가
2394,이벤트 제안서 작성
2395,담당업체 수
2396,안전관리 계획수립·조정하기
2397,CAD 도면 작성
2398,설비 수리
2399,건물시설관리
2400,SNS홍보
2401,소프트웨어 개발 관련 전공학사 학위
2402,객실 예약 업무
2403,분말 스틱 생산 기계 작동
2404,응대
2405,법인사업자
2406,공장 관리
2407,골프장 경기진행
2408,시스템 개선 대응
2409,전기안전관리
2410,네트워크 구축
2411,물류주선
2412,출장 중 업무
2413,상병관리
2414,시설 전기 관리
2415,기계설비 유지 관리
2416,농산물 선별
2417,오리도축
2418,CAM프로그램
2419,파워포인트 디자인
2420,해상수입
2421,무역 지식
2422,경영진 일정 조율하기
2423,행정 수행경험자
2424,업무개선 협조
2425,사진기자재 제품 영업 지원 업무
2426,적합 여부 판정하기
2427,생산실적 분석
2428,조사료 전문단지
2429,국회의원 의정활동 보좌
2430,하도급 관리
2431,시공 순서 계획하기
2432,AJAX
2433,퇴원수납
2434,공단
2435,구글 애널리틱스
2436,신규 브랜드 상품기획
2437,납품 관리
2438,이벤트 제작물 콘
2439,식품회사 원
2440,전산보안
2441,로그 관리
2442,FIGMA
2443,직무기술서
2444,생산직원관리
2445,택배물량 포장
2446,미수채권관리
2447,위생관련 문서 작성
2448,자사 전산프로그램 활용
2449,소득세
2450,이메일
2451,제어
2452,해외수출 무역 업무
2453,렌텍
2454,화장품 쇼핑몰 관리
2455,식품위생관련 사무업무
2456,미생물실험 가능자
2457,시설관리 운영
2458,교육계획
2459,지방세
2460,징수
2461,수출자재관리
2462,관공서 서류 작성
2463,RCMS 사용
2464,판매 기본 정보 교육하기
2465,현장자재관리
2466,기술인수첩
2467,기존 산업의 디지털 트랜스포메이션
2468,제안서PPT작성
2469,미들웨어 검증하기
2470,샘플 전달
2471,품질지도 관리하기
2472,현장조사
2473,대리점 영업 관리
2474,성과 관리
2475,칼럼 작성
2476,통신공사설계
2477,금속 재료 자재관리
2478,건축 아파트현장 공사 관리
2479,고용산재
2480,과대광고 점검
2481,해외시장 조사보고서 작성
2482,장애 대응 경험
2483,KOLAS 등
2484,네트워크 구현하기
2485,외화송금
2486,자재 입고 정리
2487,도장관련 기술자
2488,영어능통자
2489,생산성 관리
2490,상품 등록
2491,조달영업
2492,오픈마켓1:1문의
2493,근태관리
2494,연구과제
2495,IT시스템 서버 운용하기
2496,ICT시스템 구축
2497,출하시기 결정하기
2498,ERP 사용가능자
2499,심사청구
2500,웹퍼블리싱
2501,ERP 전산 프로그램
2502,화학 전공자
2503,서류업무
2504,C
2505,판촉 영업
2506,여성복 영업 경력
2507,2D 오토캐드
2508,배관설치
2509,입고검사
2510,더존 아이큐브 ERP 사용가능자
2511,소스 코드 분석하기
2512,ARM
2513,홍보
2514,장부기장
2515,이지스엔터프라이즈 프로그램 입력
2516,전기안전관리자
2517,자동차 부품 협력사 생산 총괄자
2518,외부 회계감사 대응
2519,수입전략 수립하기
2520,건설 시행사 기획 관리 경력직자
2521,산지 출장
2522,조리원
2523,상품문의
2524,XR 프로젝트 개발 경험
2525,시행사
2526,특수검진관리
2527,물류재고관리
2528,품질관리기사
2529,하수관로
2530,품질관리기준 지침서 작성하기
2531,안드로이드 기기 잘 다룰 수 있는 분
2532,홈택스 사이트
2533,인적자원 평가하기
2534,한글 작업
2535,인력 관리
2536,장비조립
2537,건강보험
2538,회계사무실 경력
2539,소모품 창고 관리
2540,접수 등록
2541,교내 사업비 관리 경험
2542,파워빌더 프로그램 개발
2543,세금계산서관련업무
2544,CO2용접
2545,가입문의고객안내
2546,양산 공정 개선
2547,신규입사자 온보딩
2548,네트워크광고
2549,미들웨어 구현하기
2550,건축초급기술자 이상 자격증 보유
2551,청소 업무
2552,열정
2553,정보통신기술자 자격증
2554,일상적인 HR팀 업무
2555,훈련과정 운영
2556,조립쪽 검사신청
2557,보험수리
2558,원자재 발주
2559,안드로이드 음성 학습 인식 소프트웨어 개발
2560,건설 현장 총괄 관리
2561,기장업체 관리
2562,인사총무 총괄
2563,해외법인
2564,컴퓨터
2565,건축 현장소장
2566,BI
2567,장비부품
2568,WINSOCK
2569,세관
2570,배차관리
2571,환급
2572,롱텀
2573,연구자료 검색
2574,외관
2575,일자리 관련 공모사업 진행
2576,KOTLIN 프로그래밍 지식
2577,TANK TEST 보조
2578,원부자재 수급계획관리
2579,예약편성
2580,입출고 관리
2581,방화벽
2582,그룹웨어 관리
2583,수입신고하기
2584,판매 확정하기
2585,판금
2586,인형 디자인 연구
2587,개인사업자
2588,마트 전산 관리 시스템
2589,수출입벌크
2590,대금지급
2591,부두관리
2592,게시글 작성
2593,인터넷 쇼핑몰 디자인
2594,화훼류 관리
2595,기장 선후행 공정 관리
2596,LINUX
2597,집합건물 관리소장 경력
2598,견적관리
2599,성실함
2600,더존스마트 A 필 사용 가능자
2601,동종 업종 경력
2602,플랜트
2603,설비 점검
2604,HRD 설계
2605,면접관 교육
2606,더존 스마트 A 경험
2607,APACHE
2608,점검 계획 수립하기
2609,미디어 홍보 전략 수립
2610,순찰업무
2611,평생교육시설 NCS과정 설계·개발
2612,입고
2613,발주 관리
2614,기업 기술자문 신청접수 관리
2615,시설안전관리
2616,국제물류사
2617,HW 설계검증
2618,4대보험업무 관리
2619,포스기 메뉴 수정
2620,WORD
2621,학생모집
2622,FIRMWARE
2623,출고관리
2624,금속창호
2625,현장 공정 이해
2626,지출관리
2627,외부업체 대응
2628,OA 활용
2629,고도몰5 운영 경험자
2630,업체관리
2631,3정5S
2632,UI 설계 확인하기
2633,전기 안전 관리
2634,공종별 상세도 작성
2635,제반업무
2636,회계관련 이해
2637,상품 사업성 분석
2638,협력업체 자재 운반
2639,생산작업 지시
2640,전화영업
2641,병작업
2642,상품 시장조사
2643,웹 기술
2644,공장자동화
2645,안전관리 서류관리
2646,건축자재
2647,웹프로그래밍
2648,친절
2649,오피스 프로그램 사용자
2650,한국어
2651,정기검사
2652,인공지능 개발
2653,청소 준비하기
2654,기계설비
2655,MCT
2656,D사업계획서 기획
2657,채용예정자 모집하기
2658,내외관 검사
2659,해양학 전공자
2660,고객사 응대
2661,제품 포장
2662,고객사 대응
2663,덕트
2664,IFRS 기준 재무제표 작성
2665,불량
2666,DB 분석
2667,NDE 관리
2668,기능
2669,직원 급여 계산
2670,비료
2671,직업상담사 2급
2672,원가
2673,방문 고객 맞이하기
2674,주택관리업 등록기준 기술인력관련 자격증 소지자 우대
2675,국가정보자원 관리원 보안환경 운영 경험
2676,엑셀러레이팅 사업 운영
2677,관공서 외근
2678,월별 작성 현황 점검
2679,시설 경비
2680,일반행정업무
2681,공구총괄 영업
2682,현장인력 안전관리교육
2683,출하 준비하기
2684,회계 자격증
2685,일반사무업무
2686,교육생 상담
2687,해당 문장에서는 생산관리라는 직무가 언급되었습니다.
2688,유지
2689,오더 접수
2690,상황 별 고객 컴플레인 대응
2691,매입매출관련 업무
2692,지게차
2693,공공기관 업무
2694,각종 신고
2695,리스크 관리
2696,조정
2697,일반건축 품질관리
2698,DSP
2699,입퇴사자 정리
2700,기타 기본회계
2701,고객 세분화
2702,기능직 인원관리
2703,절단공정
2704,불만처리 매뉴얼 작성
2705,핀테크
2706,건설기술인경력관리
2707,측정
2708,품질 공정관리
2709,발생
2710,거래처관리
2711,전반적 관리
2712,입
2713,자재 재단
2714,일러스트
2715,기자재 입고
2716,반죽
2717,매출 자료 정리
2718,물류센터 기본업무
2719,자사 SNS 기획
2720,생명과학
2721,장비관리
2722,오토캐드
2723,환전 업무하기
2724,합격 수기 업로드
2725,FCL 서류 핸들링
2726,AUTOCAD
2727,잔업관리
2728,매출장부 관리
2729,사업성 분석하기
2730,인터넷 쇼핑몰
2731,세금계산서 발급·수취하기
2732,IT 서비스 개발
2733,상품 DB관리
2734,채용 프로세스 개선
2735,RF 회로설계
2736,모바일 플랫폼
2737,TIME-SERIES DB
2738,은행출납업무
2739,건강식품 제조
2740,이카운트 ERP 전산입력
2741,견적 관리
2742,생산일지 작성
2743,예산 관리
2744,일일생산 계획수립
2745,클라우드 운영 보고서 작성
2746,정부지원사업분야
2747,QA
2748,제증명 발급하기
2749,생산 관리자
2750,경리
2751,항공기 유도
2752,현장청소
2753,세탁물 입출고 현황 관리
2754,공장장
2755,회계관련
2756,세무사랑 사용
2757,판매 서류 관리
2758,영업보고
2759,네트워크
2760,제반 시설
2761,외부감사 수검 대응
2762,UX 개발
2763,미생물학
2764,입식지게차 운전가능자
2765,INVOICE
2766,출하실적관리
2767,관련 산업 관계자 대상 홍보하기
2768,업무
2769,구내통신구축
2770,기장
2771,훈련 콘텐츠 제작
2772,소화장치 생산관리
2773,사업구조설계
2774,ACC
2775,관리
2776,관련분야 유경험자 우대
2777,상하차 작업 관리
2778,MS POWER FLATFORM
2779,전략물자 인허가
2780,기술지표 설정
2781,장애지원
2782,양도소득세 신고하기
2783,일러스트 사용 가능자
2784,차량 배차 관리하기
2785,FRONT END
2786,SPACE
2787,납품
2788,OTA 예약
2789,공장관리
2790,보고서
2791,수출입계약서 작성하기
2792,W 기술지원
2793,철
2794,해양 프로젝트 수행 경험
2795,경리 업무
2796,섬유분야에서 품질관리 경력
2797,그 외 기타 사무업무
2798,장비 관리
2799,수입검사하기
2800,컴퓨터 문서작업
2801,입찰 관리
2802,자재 구매하기
2803,운전 면허 2종 이상
2804,단체영업
2805,무역사무
2806,더존활용
2807,오라클
2808,목문
2809,공사관리부 현장관리 실무경력보유
2810,공기조형물
2811,정보통신 공사 관련 공무 업무
2812,고용보조금 신청
2813,생산부 자재관리
2814,회원 애경사
2815,급여 관련업무
2816,상품개발경험
2817,자재 관리 업무
2818,토지
2819,테스트
2820,전산 유지보수
2821,협의 조정하기
2822,청결 관리
2823,생산 데이터 관리
2824,착공
2825,메뉴얼 작성
2826,MFC
2827,생산 현장 직원 관리
2828,SMT 자재
2829,판매서비스 교육하기
2830,생산기술파트 엔지니어
2831,제안서 작성
2832,홍보전략 수립하기
2833,정보보안관리
2834,외부 위해 요소로부터 침해되지 않도록 예방·관리
2835,인스타그램
2836,PPAP 승인 서류 작성
2837,원란
2838,컴퓨터 행정업무
2839,냉동컨테이너관리
2840,부동산 등기서류 작성
2841,GMP 인증
2842,영어로 통화
2843,전기안전관리자 선임
2844,암예방 서포터즈 활동 관리
2845,채권
2846,CPU
2847,인테리어 시공
2848,제품주문관리
2849,SNS콘텐츠 디자인 작업
2850,전산 시스템 운영
2851,현장별 관리
2852,주택관리사자격증
2853,FINANCIAL ANALYSIS
2854,인원 근태 관리
2855,공정재고 기준 확인하기
2856,민원업무
2857,쌀포장
2858,조사에 능통하신 분
2859,회계 업무 총괄
2860,정리 작업
2861,회계업무
2862,철판 가공
2863,사회복지정보시스템
2864,조립도
2865,사무실 업무
2866,주택관리사 자격증
2867,라이브방송 셋팅
2868,청구
2869,품질 중급기술자
2870,소형 구조물 공사시공
2871,불량 재고 관리
2872,구매요청
2873,구매적합성 판단하기
2874,인터넷 마케팅 활용하기
2875,매출실적
2876,신규거래처 발굴
2877,온라인쇼핑몰 운영 관리
2878,업무 진행
2879,주차장 청소
2880,해수용 펌프
2881,인적 자원관리
2882,서비스마케팅전략 수립
2883,콘크리트 타설
2884,인테리어 공사 관리
2885,사무국 운영
2886,금전출납
2887,학교회계
2888,입지적 특성 분석하기
2889,즉석 조리 식품 생산현장 관리
2890,블로그 관리운영
2891,MSA
2892,해결과정 점검
2893,현장기성청구관리
2894,블로그
2895,출장관리하기
2896,현장 관리감독
2897,품질경영기사
2898,DEVICE DRIVER 개발
2899,총무관리 유경험자
2900,준공 지원
2901,제거업
2902,REST API
2903,제조지시서 작성
2904,MVC 기반의 웹서비스 구축 경험
2905,밴드
2906,인부관리
2907,온라인 마케팅
2908,CAM.프로그램 능숙자
2909,서류
2910,블로그 작성 능숙자
2911,광고
2912,PIC
2913,3D FILE
2914,건설현장 관리 감독
2915,전화업무
2916,고객 커뮤니케이션
2917,홈페이지 관리
2918,판매촉진활동 실행하기
2919,인력관리
2920,데이터관리
2921,토목관련 학과
2922,원사 운송
2923,4대보험 관련 업무
2924,컴퓨터 하드웨어
2925,기록 보관
2926,전기전자관련 생산관리 경험자
2927,일반수리
2928,책이음서비스 구축
2929,투숙객 정보 확인하기
2930,KOTLIN
2931,선박
2932,건축자재 설계사무소 대상 자재설명
2933,공동체 활성화단체 지원하기
2934,전표입력
2935,철근가공 생산관리
2936,출하 관리
2937,3D VIRTUALIZATION
2938,PD
2939,고무제품 품질 검사
2940,장부관리
2941,탕비실 관리
2942,청소장비 사용 가능자
2943,기계설비유지관리자
2944,수산물 구매
2945,발주서 입력
2946,조리관련 자격증
2947,환경 품질관리
2948,외국인 유학생 관리
2949,인콰이어리 검토
2950,커뮤니케이션
2951,철근콘크리트공사업
2952,시스템접근제어
2953,OA
2954,사무업무
2955,매니저
2956,정보시스템 감리
2957,MS-OFFICE 엑셀
2958,PML
2959,XP-ERP 활용
2960,이카운트
2961,소프트웨어 통합하기
2962,원청업무협조
2963,작업장 청결 유지 관리하기
2964,저장특성 파악하기
2965,고객 응대
2966,농산식품 수입
2967,전반적인 경영 관리
2968,리더십
2969,총괄
2970,네트워킹 프로그램 운영
2971,작업자 관리
2972,마케팅기획
2973,견적서 전달
2974,조달청 등록물품
2975,SNS관리
2976,소방안전관리자2급
2977,사무 업무
2978,신규 제품 개발
2979,분양성보고서 작성
2980,임예학
2981,건설업관련 유경험자
2982,유니티 클라이언트 프로그래밍
2983,재고 조사
2984,L작성
2985,근로소득 연말정산하기
2986,스토어 테크놀로지 활용
2987,건축현장관리
2988,인허가 대응
2989,금형체결
2990,수입원가 계산하기
2991,공정감사 대응
2992,실습실 관리
2993,신상 인형 기획
2994,신용장 개설
2995,장부정리
2996,목공
2997,이사회
2998,산불방지교육
2999,토지 매입
3000,표시사항 확인
3001,품질
3002,미생물 실험
3003,항공기 지원장비 운용
3004,건설현장 경험
3005,관리자
3006,영어능통
3007,취업규칙
3008,재무활동 자금계획하기
3009,전산 업무
3010,플랜트공사 현장관리
3011,전산수불프로그램 사용
3012,경리 회계 경력
3013,기계설비안전관리자
3014,교육운영 계획 수립·조정
3015,인력 운영하기
3016,웹 서버 관리자
3017,용역
3018,수출입프로세스 정립하기
3019,생산품 품질관리
3020,IT시스템 유지보수 관리
3021,신입사원 교육
3022,4대보험관리
3023,물성시험하기
3024,사무용 프로그램
3025,지역 암통계 지원
3026,자동차 부품 품질
3027,수리내역서 입력
3028,건축중급 이상
3029,협력업체 등록
3030,인스타
3031,건설업 관련 자격증 소지자
3032,이벤트 결과보고서 작성하기
3033,앱 개발
3034,원료 수급처 관리
3035,전반적인 APP
3036,사업장 방문 확인
3037,분석평가
3038,MCU 기반 회로 설계
3039,품질 검사하기
3040,석재
3041,LINUX KERNEL 포팅
3042,닷넷
3043,업무조율
3044,협력업체신청
3045,교육프로그램 홍보
3046,통계분석·리서치
3047,배차 보조업무
3048,해외사업팀 PROJECT 영업
3049,준공청소
3050,조명
3051,원청사관리
3052,기장업무
3053,민원 접수
3054,납땜
3055,초급
3056,수출신고서 작성
3057,전산실
3058,공작기계 유지보수
3059,법인카드관리
3060,해상
3061,서비스 관련 대학 졸업자
3062,운
3063,사용자 네트워크 환경
3064,부자재상하차
3065,AEO
3066,보강토
3067,간단한 컴퓨터사용
3068,인장 관리하기
3069,세무 이슈 검토
3070,신인도관리
3071,세무회계사무소 경력
3072,손님응대
3073,톡연락상담
3074,사내 IT 응용시스템 프로젝트 운영관리
3075,건강검진센터 영업
3076,불만 사항 해결 과정 점검
3077,경영
3078,법인세신고하기
3079,F
3080,INVENTORY MANAGEMENT
3081,캐드 작업
3082,POP 개발
3083,FPGA
3084,분양 관리
3085,DAP
3086,제조회사 원자재
3087,서류 업무
3088,콜센터 상담원 경력
3089,건설업 경력
3090,보건관리
3091,진공
3092,인적자원 구성
3093,인테리어 현장 관리
3094,해결방안
3095,복식부기
3096,소싱 채널 다각화
3097,계획
3098,금융 동향 파악하기
3099,관리비 책정·수납하기
3100,부품 포장
3101,공인영어성적
3102,홍보목표 설정하기
3103,여행상품 자원관리
3104,치과 코디네이터
3105,급여작업
3106,단체 행사 예약
3107,영업 기획하기
3108,MIS
3109,블로그 업로드
3110,생명공학
3111,경영지원부 관련 문서 관리
3112,사업자금 관리
3113,대관
3114,ERP SYSTEM 유경험자
3115,조립업무
3116,상세페이지 제작
3117,운송
3118,영업매출 관리하기
3119,매입매출 관리
3120,대기
3121,이벤트대행
3122,구매 전반 업무
3123,조달우수제품인증
3124,HACCP 일지 작성
3125,공사원가계산서 작성
3126,CNC선반
3127,상하차
3128,분배
3129,SSQ인증 업무 경험
3130,해당 직무 또는 파트타임 근무 경험
3131,회계 사용
3132,컴퓨터 활용이 가능한 자
3133,물량산출
3134,고형연료 생산
3135,입퇴사 관리
3136,출금 내역 관리
3137,MS OFFICE 자
3138,측정시험
3139,진단 기능
3140,건축물 친환경인증
3141,은행 업무
3142,회로설계
3143,예술
3144,행정 지원
3145,손익 관리
3146,교무
3147,최종결과보고서 작성
3148,블루투스 통신
3149,수급조절
3150,일반비품 관리
3151,시설관리 관련자격증
3152,GPDB
3153,공사 행정업무 수행
3154,전기선임 가능자
3155,데이터베이스 관리
3156,종합몰 등 온라인 비즈니스 2년이상 유경험자
3157,건설안전관리자
3158,CAD 도면확인
3159,구미
3160,프로모션 기획
3161,MS-EXCEL 사용
3162,기능 구현
3163,경력자 우대
3164,고충 취합
3165,빅데이터 서비스 가용성 관리하기
3166,출하검사
3167,포장 후 검사하기
3168,ICT 관련 기술조사
3169,기술자문
3170,테스트 도구 활용 경험 보유자
3171,사회복지사 2급 보유자
3172,주차관리
3173,채용 프로세스
3174,온라인 채널관리
3175,도급현장 근로자 관리
3176,해외시장 진출전략 수립하기
3177,물류
3178,물류 OPERATOR
3179,공정
3180,해당 문장에서는 총무
3181,실무자
3182,차량 운영계획 수립하기
3183,건설현장 공사과장
3184,유통전략 수립
3185,수입신고서의 작성
3186,프로젝트
3187,협력업체 관리
3188,원도업체 관리
3189,제품 입출고 관리
3190,방화관리 기능사
3191,건설기계설비기사
3192,보험 수납
3193,장애인자립생활센터 근무 유경험
3194,퍼블리셔
3195,전시회 기획
3196,아웃 업무
3197,소스 코드 인스펙션
3198,회계사무실
3199,콜센터 경력
3200,샘플 검사하기
3201,영업사무 지원
3202,포장임가공 생산
3203,서류 관리
3204,모션제어
3205,재고조사 업무 경력
3206,기계설비유지관리자 중급 선임가능자
3207,소프트 평가
3208,MS OFFICE 사용 가능자
3209,강의
3210,생산스케쥴관리
3211,양산품질
3212,플라스틱사출물 취급
3213,해당직무 근무경험
3214,면담
3215,영향력 분석
3216,시간 관리
3217,관리비 고지서 작성
3218,유지보수내용
3219,다이소 근무 경력
3220,학과업무
3221,독해
3222,공연관련 기획자
3223,금형
3224,재직자 교육
3225,해상화물
3226,저장탱크
3227,WINDOWS
3228,인쇄
3229,일본어 가능자
3230,GUI 애플리케이션 개발 경력
3231,포장 관리
3232,학생 실습지도
3233,조이영어 서비스 기반 학습 상담
3234,데이터 취합
3235,전기 조립
3236,생산 일정관리
3237,수입대금 위험관리
3238,섬유업체 유경험
3239,제지급금 접수
3240,건축 설계
3241,상담 업무
3242,물품 소요 종합
3243,금속가공
3244,기업특판
3245,일반건물철거관련
3246,부가가치세
3247,제품 입출고 업무
3248,매장지원
3249,포장 작업
3250,초급기술자
3251,지역난방관련 서류작성
3252,페이스북
3253,웹 표준을 고려한 UI 개발 경험
3254,이벤트 연출안 보고·작성하기
3255,보안점검
3256,착공관련 인·허가 법규 검토하기
3257,시장분석
3258,투자위험 분석하기
3259,신사업기획
3260,거래선 월말결제
3261,자동화 설비
3262,PCB 라우터 가공
3263,산재담당
3264,전산시스템
3265,품질경영산업기사
3266,자재업무 담당
3267,.NET
3268,쇼핑몰운영경험
3269,분양 계약
3270,반출
3271,생산 자재 전산 입력
3272,디자인 직군 경험
3273,연간 매출 목표 실행
3274,건강검진 컨설팅
3275,토지매입
3276,AI
3277,제증명서 관리
3278,인터넷
3279,전표출력 전산프로그램입력
3280,계약 관리
3281,소프트웨어 업그레이드
3282,MIPLATFORM
3283,공연 제작일정 점검하기
3284,품질관리교육
3285,사업장 운영 관리
3286,연결회계
3287,PC 응용프로그램 개발
3288,서버 사이드 렌더링
3289,계약 체결
3290,1톤 트럭운전
3291,건강보험 EDI
3292,수업 스케줄 관리
3293,운전보조비 지원
3294,국제협력업무 경력자
3295,엑셀 운용
3296,사회복지사
3297,가공 생산 관리
3298,POWER AMP
3299,상품 포장
3300,수입팀 정산업무
3301,자금 기획
3302,창고 재고 관리
3303,사업소득 원천징수하기
3304,엑셀사용능숙자
3305,리서처
3306,객실 정비 스케줄 작성
3307,광고기획
3308,탕비실 정리
3309,식품제조업의 생산관리
3310,기본적인 홈페이지 관리
3311,생산관련 서류 작성
3312,해당 문장에서는 관련 분야 석사 학위
3313,간단한 엑셀 작업
3314,수권절차
3315,홍보 관련 업무
3316,전자문서수발
3317,동영상 촬영
3318,급여업무
3319,상담 관리
3320,약품 영업
3321,도장 생산라인
3322,XR 메타버스
3323,1톤 차량 운전
3324,작업 차량 관리
3325,월마감업무
3326,설계분석
3327,내방객 방문 후 업무
3328,빅데이터 입출력구조 설계
3329,컴퓨터 능력
3330,일용직 관리
3331,입사자 관리
3332,엑셀 기본
3333,AS
3334,OP 업무
3335,안전확인
3336,매출업체 개발
3337,전략적인 사고
3338,운송 사무보조
3339,수율
3340,전산자격 소지자
3341,재고관리
3342,내방객 선별ㆍ응대하기
3343,매출일보 작성
3344,영어 활용 능력
3345,CASHIER 마감하기
3346,소방관리
3347,거래당사자 구분하기
3348,세무 신고
3349,금형 진공열처리
3350,시공 상세도 작성하기
3351,자동차 차체 프레스 용접
3352,예산 수립
3353,부속 출고
3354,CCNA
3355,정보통신공학
3356,파일항타공사
3357,웹서비스 개발
3358,QC
3359,상품전략 수립
3360,국가프로젝트 수행경험자
3361,부수업무
3362,행정 경리파트 업무
3363,팀원관리
3364,품질경영
3365,강습서비스
3366,수하인 CS업무
3367,운용관리자
3368,더존 ERP 사용
3369,MASTER ROUTER
3370,연간 인력 채용 계획 수립
3371,결산
3372,사무관리 경험자
3373,SAS 통계 프로그램
3374,영업사원
3375,웹 마케팅
3376,위탁생
3377,제품 제안서 작성
3378,고객 이력과 기호 확인하기
3379,휴게소 관리
3380,산업공학
3381,공사대금 지급하기
3382,해상화물 통관하기
3383,문의사항 상담
3384,원단 이동
3385,법인
3386,경영진의 신상정보 관리
3387,위하고
3388,대형몰 판매경험
3389,서비스 기획 초기부터 출시까지 참여 경험
3390,자동차부품 절단
3391,작업관리
3392,발주대비 생산계획수립
3393,제조업 법무
3394,인증 지원
3395,IPS
3396,특정 행동패턴 인식
3397,회계더존프로그램 사용
3398,RUST
3399,유흥협회 회원 관리
3400,양념육 생산
3401,입고물품 검수
3402,특장차 인증
3403,ORACLE
3404,MS-OFFICE
3405,운전면허
3406,가공식품 상품 관리
3407,관련 기술의 이해
3408,매입매출관리
3409,수요예측
3410,패스워드 관리
3411,무역 관련 서류 작성
3412,제품이송
3413,S
3414,관리소장행정지원업무
3415,거래처납품영업관리
3416,차량 운송
3417,가스 관련 자격증
3418,출납등
3419,기구물 설계
3420,전시 컨텐츠
3421,예산 운용
3422,플라스틱 제조
3423,공동도급원가안분
3424,자재 관리책임자
3425,우주 분야 인력양성
3426,블로그 등 컨텐츠 작성
3427,객실청소
3428,산지마케팅
3429,포워더
3430,한글가능
3431,조출
3432,프랜차이즈 경력
3433,사무 보조
3434,섬유 화학
3435,해외출장
3436,자체기장
3437,완제품 성적서 발행
3438,교통정보시스템 구축사업 감리
3439,사업계획서 작성
3440,정보통신 공사 설계
3441,DOCUMENT
3442,건설관련 자격증 소지자
3443,사고예방활동
3444,전화접수
3445,기타사무업무
3446,석사학위 수여자
3447,수출 서류 관리
3448,보험 청약
3449,중국어능통자
3450,홍보물제작
3451,사진찍기
3452,기업고객 컨설팅 지원하기
3453,관리자 교육
3454,PVC원단 구매
3455,기장대리
3456,출하업무
3457,주주총회
3458,교육실시
3459,포장방법 선택하기
3460,임베디드
3461,작업진척 관리하기
3462,소득세 신고
3463,인터넷서핑
3464,생산 생판회의 진행
3465,생산일정
3466,몰드 오퍼레이터
3467,장기요양기관 평가 관련 업무 유경험자
3468,수출입 통관 업무
3469,재단
3470,WINDOW NT
3471,컨테이너 배차
3472,부자재 입출고
3473,RESTFUL 서비스 개발
3474,설치
3475,상장사 결산업무
3476,PCB 기술영업
3477,자사 홈페이지 관리
3478,창고관리
3479,법인 개인 결산
3480,외주처관리
3481,경리회계프로그램
3482,RS-232
3483,가구 경력
3484,MICROSOFT OFFICE
3485,자체평가
3486,정보 검색하기
3487,인원 채용
3488,회계감사 대응
3489,인바운드
3490,염색컬러카드 관리
3491,공사직원
3492,세무신고
3493,생산 작업지시 프로그램 입력
3494,접수방법 안내
3495,HRD 행정 총괄
3496,문서작성 능력
3497,영상처리
3498,원인분석ㆍ재발 방지대책 마련하기
3499,설비유지관리
3500,외부 업체 계약
3501,개최지
3502,가격-유통-서비스 촉진 전략 수립
3503,센터 정리정돈
3504,DB제공
3505,비서
3506,장애인관련 학문 전공
3507,현장 일괄 관리
3508,법인 입출금 관리
3509,기구
3510,외국인 근로자 관리
3511,컴퓨터 주변기기 개발
3512,전원공급
3513,납품업무
3514,출장 전 준비
3515,결산업무
3516,영문 독해
3517,홀 관리
3518,회원 상담 접수
3519,MES 전산 관리
3520,건설 초급 기술인 자격
3521,도면해독
3522,애널리틱스
3523,객실 요금 중간 정산하기
3524,결산 관리
3525,영업 전략수립
3526,인터페이스 구현 검증하기
3527,자재 장비투입 계획
3528,입출고 현황관리
3529,상하역
3530,프로모션 페이지
3531,생명과
3532,무역
3533,보험금 청구 구비서류
3534,기계설비 유지 관리자 중급
3535,전표 처리하기
3536,창고관리시스템 개발
3537,안테나 기구설계
3538,장학업무
3539,임베디드 시스템 개발
3540,현장 LAY OUT 관리
3541,OPERATOR
3542,선박부품업 ERP 개발
3543,기타서류
3544,가상현실 UI
3545,공동사업 개발
3546,기타 서류 관련 업무
3547,직업훈련 사업신청
3548,유통 구조 분석
3549,영어 가능자
3550,건조
3551,상품소개서 작성
3552,차량 소지자
3553,자재 관리
3554,대상별 상품 구성
3555,윈도우 서버
3556,지게차 사용
3557,준공일체서류
3558,영양성분표시 관리
3559,입퇴원자 서류관리
3560,공공 ICT PJT 현장대리인
3561,완제품 TEST
3562,인터페이스 설계
3563,기성 청구
3564,MES
3565,제품 인증관리하기
3566,1종보통 운전면허
3567,안전관리 계획하기
3568,법인결산
3569,전략수립
3570,금융업무
3571,생산관련자료출력
3572,거래처영업
3573,경리 업무 보조
3574,WINDOWS 상에서 실행되는 로봇 관리 소프트웨어 개발
3575,생산스케쥴 관리
3576,물류관리
3577,구매 관리업무
3578,개발 직군
3579,중국어 활용
3580,요구사항 분석하기
3581,은행업무
3582,물류 도급 영업
3583,홀작업
3584,선용품 납품
3585,국비지원 훈련과정 전화
3586,주변장치 관리
3587,자세제어
3588,선로시설물 운용성공사
3589,통관 진행
3590,배관등 설치
3591,수분양자 입
3592,자재 구매
3593,회사 홈페이지 운영
3594,건설현장 보건관리
3595,협력사관리
3596,프로모션기획
3597,기본적인 서비스 마인드 소유자
3598,시설안전
3599,인스펙트리스 경력
3600,고객대응
3601,특수효과
3602,목표설정 하기
3603,전화 접수
3604,입회검사
3605,작업자관리
3606,정부지원 사업 연구 개발
3607,계육 생산 보조
3608,자동차 보험
3609,금용사 대관업무
3610,결혼정보사
3611,신고
3612,MSA 아키텍처
3613,면허관리
3614,분류 작업
3615,대학행정
3616,분해
3617,청년층 일자리센터
3618,물류비용 취합
3619,내장
3620,평가자료 수집
3621,파지 압축 작업
3622,이벤트 기획하기
3623,MS-SQL
3624,문자
3625,총무업무
3626,통신장비 생산
3627,유관기관 협력 실무 업무
3628,모집
3629,기업고객 상담하기
3630,SSL가시화
3631,시간표
3632,수출입계획 수립하기
3633,포장하기
3634,회사 내부 업무
3635,근로계약서
3636,인력이동관리
3637,SHOP DWG
3638,문서 관리
3639,이벤트 행사
3640,필드영업
3641,입추
3642,생산설비 유지보수
3643,판넬 제조라인 생산관리
3644,부대시설 이용정보 파악하기
3645,결과보고서 작성
3646,안내데스크 접수
3647,개인위생 점검
3648,발주 현황 관리
3649,결품관리
3650,유지관리
3651,가스관련 자격증
3652,인원의 업무관리
3653,제품절단포장
3654,행사 시스템업체
3655,창고 관리하기
3656,스마트팜
3657,위원회관리
3658,SNS 기획 운영
3659,TENSORFLOW
3660,안테나설계
3661,영어 의사 소통
3662,내진자재 현장관리
3663,표면오염도 검사
3664,자금 유동성 관리
3665,회계전표 작성
3666,자재 수급 업무
3667,총괄 생산 관리
3668,온라인채널영업
3669,비회원가입
3670,백업 운영 관리
3671,제고관리
3672,섭외
3673,수익성 분석하기
3674,ERP 신규 도입
3675,가공 식품 영업
3676,재무제표 작성하기
3677,GOOGLE CLOUD PLATFORM
3678,근로자 채용
3679,발주업무
3680,OLED
3681,보일러
3682,솔류션
3683,마감
3684,인프라 관리
3685,일어
3686,민간 토지 보상 상담
3687,스포츠시설 일정 관리
3688,보호자 고충접수 처리
3689,업무파트 경력
3690,R
3691,프로그램 업데이트
3692,자재창고 관리하기
3693,특판 영업
3694,현장 전반적 위생관리
3695,자차운전
3696,전표관리
3697,도장
3698,기계 관리
3699,전산입력 사무 보조
3700,관련학과 전공자
3701,품질검사
3702,모니터링 프로그래밍
3703,실적 분석
3704,기본 PC 활용 능력
3705,공조냉동기계
3706,행정프로그램
3707,데이터 관련 컨설팅
3708,현장 공정
3709,시장조사하기
3710,W 릴리즈 업무
3711,중증장애인
3712,솔리드웍스
3713,리눅스마스터1급
3714,사업장관리
3715,HACCP 법적서류관리
3716,분말 스틱 생산 기계 점검
3717,교육관 이용 예약 관리
3718,택배인수증 관리
3719,소방설계
3720,안전장구 관리
3721,WINDOW OS환경 병행 개발자
3722,커미셔닝
3723,가스일반시설 안전관리자
3724,주기적 모니터링
3725,세금계산서 발행
3726,업무 관리
3727,프로그램 자격증
3728,자산부채계정 마감하기
3729,DBMS
3730,클라이언트 관리
3731,생산계획수립
3732,자동차필터 생산
3733,식품위생
3734,매입통제
3735,회관 대관 업무
3736,운영 관리
3737,이러닝 모듈 개발
3738,문화 공간 기획
3739,유니폼 디자인
3740,건설 파트
3741,캐드도면
3742,식품 생산
3743,관련 전문경험
3744,CI 작성
3745,사무 공간 배치하기
3746,콘텐츠 성과 분석 후 개선 방안 도출
3747,배차 관리
3748,손익 분석
3749,문화컨텐츠 사업
3750,회로 지식
3751,호스팅사 솔루션 사용 유경험자
3752,입고자재 거리명세서 입고
3753,부가세신고
3754,일반관리
3755,운전면허증 소지
3756,온라인 상품 등록
3757,안전관리 대행업체
3758,정부 사업 연구
3759,경리나라 프로그램
3760,분양사업 파악하기
3761,외항선박의 각종 수검 안내
3762,부동산 분양 기획 마케팅
3763,간호조무사자격증 소지자
3764,전기전자 부품 생산관리
3765,포장부
3766,제품표시 사항 관리
3767,선별진료소 접수
3768,사출공정
3769,재무회계
3770,근로계약서 작성
3771,유전
3772,정부·지자체 재정지원사업 경험자
3773,형상기
3774,수산식품 유통 관리하기
3775,배차내역정리
3776,빅데이터 수집·변환 모듈 개발
3777,동종업체 관리경험자
3778,IATF16949 활동에 의한 부수 업무
3779,현장공무팀 업무진행
3780,성매매방지업무 경력
3781,의지보조기사 자격증
3782,고객문의 응대
3783,SW 문제 해결
3784,총관리
3785,무역서류 독해
3786,콘텐츠 기획
3787,지식산업센터 운영
3788,지급명세서 제출
3789,KSA품질관리담당자 교육이수
3790,대내 보고
3791,상품 분석보고서 작성
3792,K-IFRS
3793,경비원 범죄 조회
3794,3D MODELING
3795,생산지원
3796,원단 생산
3797,백엔드
3798,화학 실험
3799,현장 생산일정 관리
3800,출장 후 업무
3801,기계설비유지관리자 초급
3802,4대보험환급처리
3803,컴퓨터 문서작성
3804,기타현장지원
3805,VB메크로
3806,계약
3807,취업지원
3808,기구 구조물 설계
3809,납품 업무
3810,상품상차
3811,리팩토링 기준 수립하기
3812,CAD설계가능자
3813,진공부품
3814,셀메이트 사용 경험
3815,품질관리 중급 이상
3816,식품관련 전공자
3817,건설 업무
3818,IT 시스템 컨설팅
3819,스포츠 관련 전공
3820,윤활 점검원
3821,창고 물류업무
3822,이벤트 무대
3823,데이터 작성 기록
3824,영향력 있는 인플루언서들과의 공동구매 협업 제안
3825,사전기술협의
3826,도면해석
3827,기타 업무지원
3828,접수
3829,BUSINESS INTELLIGENCE
3830,공장장직무대행
3831,지게차운전가능자
3832,TT 송금
3833,비교견적
3834,배달주문접수
3835,공조냉동기계기사
3836,사무 행정
3837,EXCEL 사용
3838,컴퓨터 사용 능숙자
3839,컴퓨터 관련 무역
3840,BOM
3841,세금계산서 관리
3842,채용예정자 선발하기
3843,농수산
3844,S 업무 수행
3845,예약 회원관리
3846,컴퓨터 관련 자격증 소지자
3847,납기
3848,자재 재고파악
3849,레미콘 생산부
3850,신규 거래처 개발
3851,서비스 배포
3852,오프라인홍보
3853,영업계획 수립
3854,굿즈샵 업무
3855,마이크로 서비스 간 메시징 파이프라인 구축
3856,SWITCH
3857,가맹점 관리
3858,세탁기능 자격증
3859,식자재 저장관리하기
3860,인증 적용하기
3861,서비스 운영 참여
3862,회원 민원 접수
3863,연결재무정보 수집하기
3864,암호 소프트웨어 개발자
3865,철강제품 판매영업
3866,비대면상담
3867,펌웨어 설계하기
3868,위탁급식수주 보조업무
3869,지원
3870,스타트업 근무 경험
3871,임학
3872,제조 효율성 향상하기
3873,행정 총괄
3874,일반 장비 수리
3875,전기 자격증
3876,PC 사용가능자
3877,스포츠센터 프로그램 안내
3878,시생산 공정 확인
3879,브랜드기획
3880,출하작업
3881,전화
3882,생산인원관리
3883,서류 작성
3884,MD
3885,생산성 개선활동
3886,월마감 관리
3887,QT 개발 경험
3888,펜션 전화 응대
3889,주차 유도
3890,재고이동 작성
3891,통신장비 설계
3892,부동산 임대전략수립
3893,선장 선후행 공정 관리
3894,샘플링하기
3895,임베디드 소프트웨어 설계 경험자 우대
3896,시운전
3897,수금
3898,수영회원전산등록
3899,현장서류정리
3900,차량등록
3901,유사업무 경험
3902,창호 시공계획 수립
3903,컨테이너 기술
3904,분양관리
3905,이벤트 리허설 진행하기
3906,자동차운전학원 상담
3907,시설물 설치
3908,자재입출고 관리
3909,수발주관리
3910,작품 분석하기
3911,특화 우주산업 클러스터
3912,호텔 관리
3913,입원비 수납
3914,잔산응용제도
3915,도면 검토
3916,매입 자료 취합
3917,방출
3918,WAREHOUSING
3919,기자재 관리
3920,원료투입
3921,해외 바이어 미팅
3922,생활지도교사 경력
3923,학력
3924,제품 생산
3925,법인세 부속서류 작성하기
3926,원가계산
3927,배너광고
3928,PPT능력 우수자
3929,운송영업
3930,선적
3931,아파트 관리업무
3932,경영진 지원업무
3933,불만처리 대응
3934,HRD업무
3935,이메일업무
3936,영업거래처데이터
3937,검량 자격증 소지자
3938,주차
3939,소방공사 관련 서류작성
3940,기계 조작
3941,전자정부프레임워크
3942,시행 총괄업무
3943,초보가능
3944,장기보상
3945,보험관리
3946,체크 인 준비하기
3947,마이크로서비스 아키텍처
3948,영업판매사원
3949,현장서비스 관리
3950,소방안전관리자
3951,발주
3952,건물내 안전 관리
3953,트러블 슈팅
3954,계약체결
3955,내부 회계 업무 처리
3956,자재 재고 파악
3957,포워딩
3958,산재고용보험신고
3959,전자회로 검토
3960,식자재 창고관리보조
3961,공정관리자
3962,직업훈련기관 경력
3963,감사
3964,방화관리자1급
3965,지역사회 기여도
3966,A 게시판 문의 답변
3967,품질대응
3968,입출관리
3969,중급
3970,인원 투입 계획
3971,의료세탁
3972,건축관련 학과 졸업
3973,종합건설 근무경험
3974,사업계획 수립
3975,MS오피스
3976,샤링
3977,자동차전용선박
3978,생산 실적 관리
3979,금융조달
3980,향장학
3981,기초적인 회계처리
3982,HOUSE FUND 확인하기
3983,훈련생 관리
3984,행정서류 관리
3985,주요 품질 지표 관리
3986,기본적인 영어 회화 가능자
3987,밸브
3988,조직 관리하기
3989,운영 또는 참여 경험
3990,재무회계 결산
3991,EDI 사용 유경험자
3992,회의 기획
3993,해외영업
3994,간호조무사 자격증 소지자
3995,단가 관리
3996,제품단가 계산
3997,소통 능력
3998,상품 구매
3999,식용유 판매
4000,기술연구소
4001,외국인 직원 관리
4002,외부공시업무
4003,캐드 물량산출
4004,생산 계획 수립
4005,생산 시설관리
4006,보세창고 수출
4007,원부재료
4008,게시판 관리
4009,보증
4010,SNS 콘텐츠 기획
4011,리치 지게차
4012,NATIVE ANDROID APP
4013,회장님 비서업무
4014,행정 사무
4015,꼼꼼함
4016,4대보험
4017,행정업무가 필요합니다.
4018,조직문화 현황 분석하기
4019,PAID OUT 처리하기
4020,조직 관리
4021,냉난방 관리
4022,엑셀 VBA
4023,사무보조
4024,노무법인 사무원
4025,건설현장 소장업무
4026,4대보험 신고
4027,CAM
4028,차입금
4029,앱스토어
4030,상담센터 경력자
4031,XERP 프로그램 사용
4032,품질관리 조직 구성하기
4033,간단한 홈페이지 관리
4034,기타 PC업무
4035,오프라인 홍보
4036,자동화된 배포
4037,배관
4038,웹 인프라 구축
4039,비품 구매하기
4040,사대보험 업무
4041,제도기능사
4042,유공압 부품
4043,준공 서류 청구
4044,복합운송운임 산정하기
4045,해외선주의 국내 대리인으로 각종 업무 대행
4046,점주님 문의 사항 해결
4047,제 증명 관리하기
4048,일용직 근로자 관리
4049,일반서무
4050,통상
4051,제품 관리
4052,중국어 가능자
4053,토목
4054,과제관리
4055,영업 대응
4056,MYBATIS
4057,계약업무
4058,원천세신고
4059,직원 입
4060,비용 효율성 극대화
4061,기업고객 비대면 상담하기
4062,CCTV 개발
4063,국내외 인증기준 확인하기
4064,CONTAINER 배차사무
4065,분양상품 파악하기
4066,조경
4067,학교 행정
4068,이벤트 프로그램 개발
4069,인사 자료 관리
4070,사업 기획
4071,생산부
4072,위기상황 계획 수립
4073,자사몰
4074,워드프로세스
4075,배송일정확인
4076,절곡
4077,은행
4078,기타행정업무
4079,해외 고객사대응
4080,외주업체관리
4081,이벤트 입찰 프레젠테이션하기
4082,입실 손님 응대
4083,배송기사
4084,한약학과
4085,건설업현장 관리자
4086,퇴원수속하기
4087,자재구매
4088,폐기물처리 공사 수주 영업
4089,거래약정 실행하기
4090,신규 외주업체 개발
4091,파워포인트 사용 가능자
4092,한글 사용
4093,알루미늄 제작
4094,서보제어
4095,PHP
4096,부동산 시행 총괄업무
4097,자동차부품제조
4098,해외 영업 마케팅 기획
4099,배송
4100,원가업무
4101,선체품질
4102,SQ인증관리
4103,실습교과목 관련 서류작업
4104,견적산출
4105,DBA
4106,WEHAGO 사용
4107,진도관리
4108,세무기장정리
4109,제품 프레젠테이션
4110,거래선AS
4111,반려동물제품
4112,토목용 PC 생산관리
4113,주문
4114,상세페이지디자인
4115,농산물유통
4116,온라인 광고 관리
4117,블로그작업
4118,자재 입고일정 확인
4119,시스템 계획하기
4120,건축관련 업무
4121,교육
4122,일학습병행 사업
4123,물품 발송
4124,수불
4125,모니터링 시스템 개발 경험
4126,외주업체 관리
4127,안내
4128,결함 작성
4129,매출처
4130,입.퇴사 신고
4131,전기 무제한 안전관리자 자격
4132,그 외 디자인 관련 업무
4133,스타트업 공동창업
4134,펀칭프레스 머신
4135,외국어 능통자
4136,송장입력
4137,포장
4138,금속공사
4139,토목기사
4140,제품 발주
4141,전산 프로그램 관리
4142,기항
4143,근무자 모집
4144,UNITY3D
4145,산학일체형 도제학교 참여기업 발굴
4146,간단한 컴퓨터 프로그래밍 능력
4147,ERP업무관리
4148,각종 업무 서류 처리
4149,ORT 시료 분할
4150,정보보안시스템 구축
4151,수출입계약서 검토하기
4152,포토샵
4153,HACCP 생산서류
4154,개인 결산조정
4155,일일마감
4156,행정 업무
4157,편집
4158,공종별 계통도 작성
4159,출고 관리
4160,건설현장관리
4161,장애 처리 결과 보고
4162,조선 기자재
4163,제품 검수
4164,전화 업무
4165,UX
4166,생산품 전산 등록
4167,절단
4168,제작일정 수립하기
4169,외부환경분석
4170,시장조사
4171,머신러닝
4172,검색광고
4173,고시원 마케팅
4174,학사업무
4175,해무업무
4176,POS
4177,회계사무실 근무
4178,D
4179,영어 읽고 쓰기
4180,하수관로 유지보수
4181,임가공수책관리
4182,요양원 운영
4183,건설실적신고
4184,정보통신공사관련 업무
4185,UX 사용성 검증
4186,엑셀 작성
4187,가구 생산직
4188,섬유
4189,영업 발주 관리
4190,테스트 수행
4191,프론트
4192,시설물 유지 관리
4193,작업 지시서 내용
4194,전표 작성
4195,LOCALIZATION
4196,약학
4197,SI
4198,행사
4199,퇴직소득 원천징수하기
4200,회계능력
4201,외항선박의 수리
4202,재고 관리
4203,광고물 제작
4204,장애 응대
4205,생산실적관리
4206,실적현황관리
4207,생산 스케줄
4208,생산공정개선
4209,활동경력
4210,수량산출서 작성
4211,진료예약
4212,바우처대상 관리
4213,건축 현장 공사관리 경험자
4214,불만 사항 분석
4215,유
4216,CAD도면 작성
4217,다양한 마케팅 채널에 관심이 많고 이해도가 높으신 분
4218,회계 겸직
4219,IP
4220,공중낙하균
4221,보안업무
4222,기술
4223,수출품 발송
4224,전자태그 기계사용
4225,외부환경 분석하기
4226,2D
4227,현장 확인
4228,훈련생
4229,현장 총괄 책임
4230,생산외주관리
4231,사업설명회 개최
4232,훈련비용 수입
4233,보 우대
4234,온라인쇼핑몰
4235,HRD 행정
4236,영사기능사 자격증 소지자
4237,입출고관리
4238,제품 재고 관리
4239,학과 경력자
4240,프로그램
4241,근로기준법 관련 업무
4242,유통
4243,환송하기
4244,컴퓨터 활용기능사
4245,부가세 관리
4246,사업 운영
4247,항공화물 통관하기
4248,제품안내
4249,선.후행 관철 의장 자재
4250,지게차 가능자
4251,진료비 수납하기
4252,행정 업무 전담
4253,소방설비
4254,주택건설 행정업무
4255,프로그램자
4256,기업교육관련 운영
4257,MARKETING
4258,수리 통보
4259,업무 프로세스 재설계
4260,FITTING
4261,발주서 작업지시 관리
4262,이카운트ERP 관리
4263,냉동고추 세척
4264,회사주변 관리
4265,마케팅 캠페인 기획
4266,세무신고 업무
4267,정보통신선로 검토
4268,도금 품질관리
4269,안드로이드 앱 개발
4270,타올 제조 공정 생산 기술
4271,비서직 경력자
4272,W
4273,빅데이터 플랫폼 인프라구조 설계
4274,신고하기
4275,자사 SNS 관리
4276,자재납품
4277,중장기 생산계획 수립
4278,라인업무
4279,수발 업무
4280,매출 관리
4281,VISUAL BASIC
4282,해외 발주 관리
4283,쇼핑몰관리
4284,인터넷 판매 업무 경험자
4285,현장 업무지원
4286,MY-SQL
4287,출퇴근관리
4288,전산 처리 업무
4289,엑셀 등 활용이 능숙한 자
4290,비즈니스 영어
4291,바리스타 자격 소지자
4292,위기대응 네트워크 구축
4293,교육용 컨텐츠 납품
4294,장부작성대리
4295,중등교원자격
4296,매니저 경력
4297,유통영업
4298,개인
4299,식품 제조관리
4300,근태 관리
4301,경험
4302,설비 유지보수
4303,관세사무소
4304,유연한 스케줄
4305,회원 접수
4306,매출 매입 세금계산서 관리
4307,신탁
4308,장부
4309,수질
4310,세무 보조 업무
4311,투영기 사용
4312,주방 보조업무
4313,부동산 금융상담
4314,분체도장
4315,요가 클래스
4316,자차 운전 가능자
4317,철강유통 영업 경험자
4318,소규모 들녁 사업계획 용역
4319,회계겸직
4320,피복지급
4321,기본공문서 작성
4322,HW 개발 외주 관리
4323,본사 사무 업무 지원
4324,유연한 사고
4325,외주관리
4326,이동관리
4327,전직원 근태관리
4328,운전 가능자
4329,기획안 작성
4330,물류관리사
4331,여행샘플상품 구성
4332,예산
4333,토목관련 자격증
4334,영양사 경력
4335,온라인판매관리
4336,테스트 보고서 작성
4337,자체 결산 능력자
4338,소통 역량
4339,초동 장애처리
4340,KS인증유지
4341,쇼핑몰
4342,액상로터리
4343,상실
4344,대내외 행사
4345,스타렉스 운전
4346,엑셀 작업숙련자
4347,정보검색
4348,운영인원 관리
4349,임금조정안 수립하기
4350,수행비서
4351,기획
4352,CSS5
4353,시행
4354,TCP
4355,데이터 관리
4356,박스 포장
4357,현장 공사업무
4358,리그 정산
4359,현장시공경력
4360,영어활용
4361,납품 겸직
4362,PF조달업무 경험
4363,생산 준비하기
4364,거래선 사후 관리
4365,제품 TEST
4366,키오스크
4367,공무 관리
4368,사무기기 설치
4369,대금 청구
4370,공무 견적
4371,조적
4372,데이터 모델링
4373,환경인허가관리
4374,수장
4375,수입 사후관리하기
4376,문서 기획 작성
4377,제조공정 운영
4378,관계사 관리 업무
4379,해당직무 근무 경험
4380,소프트웨어 설계하기
4381,보상 업무 기획
4382,IT INFRA 신규설치
4383,서비스 실행
4384,인터로킹
4385,인터넷 활용
4386,세무사사무실
4387,조직 활성화 프로그램 기획
4388,해외시장 조사하기
4389,거래처 개척
4390,경력자
4391,쇼핑몰관련 프로그램 사용
4392,유선
4393,입퇴사자 서류관리
4394,현설 입찰 견적작업
4395,대외 자료 작성
4396,촬영
4397,안전 관리
4398,IOT 기반 시스템 구성
4399,중국 EDI 전송
4400,매출 판매 관리
4401,품질관리 업무분장하기
4402,운영평가 관리
4403,공간 프로그램 기획
4404,기획업무
4405,실무
4406,BIG DATA PLATFORM
4407,회계감사 적격증빙실무 처리하기
4408,사회적경제기업 또는 비영리법인 근무경력
4409,근무환경 조성
4410,토목분야
4411,코렐로 도면 작업
4412,영어 의사소통 가능자
4413,수리
4414,연결 재무제표 작성
4415,사업소득 관리
4416,입찰 참여
4417,서비스 수준 정의하기
4418,고객 불만 접수ㆍ확인하기
4419,사무능력
4420,영어가능자
4421,조경현장관리
4422,공사내역 사무 업무
4423,완제품 라벨출력
4424,전기분야
4425,RF MODULE
4426,ARTWORK 검토
4427,수출입 관련 업무
4428,영작
4429,재고 매뉴얼 작성하기
4430,용해
4431,기장거래처 관리
4432,신상품 개발
4433,대학 회계
4434,방문요양
4435,업체 기장대리
4436,생산라인 관리자
4437,기타 생산 보조 업무
4438,제품설계
4439,건축현장 공사관리
4440,HACCP 기준서 관리
4441,ANDROID
4442,TOEIC 800점 이상
4443,배차
4444,이공계열 학과 전공
4445,EMBEDDED개발
4446,배달
4447,중국어 통역
4448,전산세무 2급 자격증
4449,원활한 커뮤니케이션 능력과 긍정적인 마인드 소지자
4450,스크린골프장 운영
4451,객실관리
4452,농산식품 유통정보 관리하기
4453,정부지원사업
4454,자바스크립트
4455,의료소모품 관리
4456,보험료 수납
4457,배치 프로그램 구현
4458,무역업무
4459,SCADA
4460,교수 교류
4461,외주 협력사 작업지시
4462,자재수급 파악하기
4463,12C
4464,사무 관리
4465,모터 제어 소프트웨어 연구
4466,기계설비 운용
4467,프로젝트관리
4468,원청사 협의
4469,선적 업무
4470,경영컨설팅
4471,온.오프보딩
4472,부동산 시행
4473,엑셀 작업
4474,SSR
4475,발주처
4476,경영실적 분석하기
4477,보도자료 작성
4478,인공지능
4479,이질적 혼합현실 객체 증강
4480,더존
4481,매입마감 관리
4482,신규거래처 개발
4483,대형견인
4484,온라인광고
4485,화장품 OEM
4486,조도 점검
4487,품질 보고서 작성
4488,업무지시 관리
4489,공사 관리
4490,엑셀 중급이상
4491,기계정비
4492,월별
4493,통계분석능숙자
4494,1톤차 운행
4495,수출입운송보험
4496,MAPPING
4497,운전능력
4498,생산공정 개선
4499,입퇴사자 관리
4500,회계 경리사원
4501,산재보험급여 청구 대리업무
4502,매출계산서발행
4503,안드로이드 스마트워치
4504,물류 이동 지원
4505,조정계산서 작성
4506,W 버전 검증
4507,관리비 체납자 관리하기
4508,교육관리
4509,품질 분석 결과 관리
4510,관련 장비 설계
4511,공정 관리
4512,TEPS 710점
4513,국제
4514,사무 보조 업무
4515,양산 진행
4516,병원 접수
4517,대행사 관리
4518,품질규격 부적합 관리하기
4519,소방점검 위탁 거래처 관리
4520,국제 비즈니스매너 습득하기
4521,UNITY
4522,중국 지사 관리
4523,담당자 유선 연락
4524,복지후생 관리
4525,엑셀 중급자 이상
4526,콜센터 접수원
4527,규격서 작성
4528,카카오톡
4529,기준생산계획 수립
4530,배치
4531,서류 작업
4532,대리석
4533,육가공
4534,POP
4535,급여대장 관리
4536,입장객 관리
4537,3차원측정기
4538,RDBMS
4539,품질등급
4540,BOM 등록
4541,레미콘생산
4542,사무용품 관리
4543,화물 택배 배송 관리
4544,방송광고 영업
4545,전산
4546,경영전반총괄관리업무
4547,취합자료 통계작성
4548,정보보안 솔루션
4549,회계보조
4550,건설 공무 업무
4551,건설공사
4552,강사 스케줄 관리
4553,직원교육
4554,HW 장애 처리하기
4555,보험사 총무 경력
4556,전화 응대하기
4557,매칭
4558,건설기사
4559,건물관리 운영프로그램
4560,대관업
4561,인사
4562,ERP 코드 관리
4563,이벤트 기획
4564,생산 현장 안전관리
4565,자재 발주
4566,CSS
4567,일반 사무업무
4568,제어용 마이크로콘트롤러
4569,차량운전자
4570,가스안전
4571,월 결산
4572,금속
4573,공장 등록
4574,네트워크 설치
4575,대형몰 판매관리
4576,체크 아웃
4577,우편물 관리하기
4578,외래접수
4579,경비지도관리
4580,완제품 검사
4581,일정 변경 관리
4582,해외 수출 업무
4583,도시재생 사업 지원
4584,응용 소프트웨어
4585,일반 사무관리
4586,건축도면 이해
4587,근무시간
4588,재무회계 업무 수행
4589,소분 포장하기
4590,실적신고
4591,전자부품 생산하기
4592,회계관련 자격증
4593,AWS 사용
4594,성과관리
4595,참가자 프로모션 운영하기
4596,고객관리업무
4597,내부통제제도 관리
4598,LTE 5G 신규 SOFTWARE PACKAGE 현장초도 지원
4599,매출관리
4600,채용 사후관리하기
4601,청소활동 전개하기
4602,NEXTJS
4603,수출신고하기
4604,정부 과제 관리
4605,원단 샘플 작업
4606,실적관리
4607,모니터링 프로세스 구축
4608,알곤용접
4609,사무직 경력
4610,수산물 검수
4611,데이타베이스
4612,생산일지 관리
4613,거래처 전화응대
4614,순찰
4615,지원금 신청 업무
4616,기술정보제공
4617,국제개발협력관련 업무 유경험
4618,자동제어 설계
4619,IT관련 전공 이수자
4620,공무업무
4621,자금 일보 작성
4622,네이버 스마트플레이스 관리운영
4623,세무회계사무소
4624,시공
4625,자료 수집
4626,생산 계획 관리
4627,취업 상담
4628,고객서비스 업무
4629,완제품창고 관리
4630,어플 개발자
4631,현장 인원 관리
4632,환경기술인
4633,특판
4634,하역비용
4635,배송물건 챙기기
4636,가스기능사
4637,관리사무소 경리업무
4638,공장 자동화 설계
4639,스마트 스토어 상품 기획 마케팅
4640,캐드 유경험
4641,세차기 관리
4642,기본적인 툴 사용
4643,입고 전산 관리-ERP
4644,회원가입체결상담
4645,조이영어 이용 고객으로 전환
4646,운송운임 분석하기
4647,CAD
4648,3D 소품 모델링
4649,냉동수산물 내수 판매
4650,수출 관련 포워딩 사무업무
4651,홀 관리 업무
4652,철골 생산관리
4653,훈련교사 보수교육
4654,동행 서비스
4655,차량 운전 가능
4656,PYTORCH
4657,사업자 선정하기
4658,압출 생산관리
4659,GOOGLE
4660,발효
4661,장비 운영
4662,테스트 자동화 프로그램 개발하기
4663,REACTJS
4664,후가공확인
4665,부동산 개발
4666,CHATGPT API 활용
4667,컴퓨터활용가능자
4668,밸브 주조품 발주 관리
4669,건설경력
4670,DATABASE에 대한 기본적인 이해와 SQL작성 능력
4671,합병·분할회계 처리하기
4672,운영관리
4673,이상 발생
4674,레미콘 영업
4675,1급 소방안전관리자
4676,채용 프로세스 전문화
4677,일반 행정 신고
4678,컴퓨터 조립
4679,하역
4680,SPRING FRAMEWORK
4681,바이어 발굴하기
4682,병원구매관련 업무
4683,제작관리
4684,샌딩작업
4685,스프링 경험
4686,탱커선 해기사
4687,행정사무관리하기
4688,조미건어포 생산관리
4689,내방객 선별ㆍ응대
4690,TOTAL LOGISTICS 업무 처리
4691,여행 상담
4692,관련문서 관리
4693,SMART-A 사용 가능
4694,각종 부자재 관리
4695,사무 구매
4696,리서치
4697,토목관련 초급
4698,이메일 관리
4699,경리업무
4700,락커룸 관리
4701,서비스 장애 처리
4702,생활폐기물 처리
4703,경비
4704,기타업무
4705,영어 실력
4706,수분양자
4707,회사 홈페이지 유지
4708,용접기능사
4709,훈련 콘셉트 설계
4710,개발에 대한 지식과 이해도
4711,제작
4712,업체 발굴
4713,C 와이어 하네스
4714,성실
4715,샵 오픈청소
4716,운전가능자
4717,수출입요건 구분하기
4718,건축 현장 관리자
4719,몰딩
4720,식대관리
4721,POS 시스템 사용 경험
4722,문서프로그램 활용
4723,주주총회 운영
4724,경영진의 업무 지시
4725,원산지관리사
4726,오두산 기획
4727,연간 사업계획 수립
4728,전산등록
4729,재산관리
4730,총무 사무원
4731,제증명
4732,사료 관리
4733,프로그램 사용
4734,훈련이수자평가
4735,공무
4736,말사료에 대한 이해
4737,직원 관리
4738,품목제조보고서 신청
4739,선행 의장 자재 입고 관리
4740,판넬조립제작
4741,골프장
4742,송장출력
4743,복무
4744,재무
4745,설비관리
4746,가축분퇴비공장 공장장
4747,HRD 행정업무
4748,인테리어
4749,자동차부품
4750,농산물 출고 관리
4751,회계 관련 DB마스터 관리하기
4752,행사 사후관리하기
4753,예식진행도움
4754,터치업
4755,분양아파트 단체등기
4756,고객 서비스
4757,도서관 관리
4758,W 업데이트 지원 업무
4759,재무 분석
4760,효율관리
4761,서류관리
4762,외주 개발 관리
4763,제신고
4764,원부재료 검수
4765,생산 현장 운영
4766,목표 달성 지원
4767,한글워드
4768,기업고객 방문 상담하기
4769,설거지
4770,문서작업
4771,온라인 마케팅 프로모션 기획
4772,언론사 초청
4773,작업공정 수립
4774,제약 등 동종업계 QA
4775,단체 체크 인 하기
4776,검수
4777,제품검수
4778,차량 서비스 센터 접수
4779,PC H
4780,개인위생점검표
4781,라우터 데이터 편집
4782,DIRECTION
4783,문의 응대
4784,전반적인 건물관리소장 업무
4785,부자재 입출고 관리
4786,라이브 커머스 운영
4787,청년창업
4788,원자재관리 표준작성하기
4789,해외 출장
4790,SERVER
4791,PPT 등 활용에 능숙하고
4792,공사관리
4793,불만 사항 수집
4794,데이터 수집
4795,영업지원
4796,일반업무
4797,건설현장 안전관리자
4798,공종별 평면도 작성
4799,지도점검
4800,수행
4801,보고
4802,위험성평가
4803,APP개발자
4804,송품 관련 서류 작성
4805,차량 지표 관리
4806,IOS 앱 개발
4807,사무
4808,도면수정
4809,디버깅
4810,프로그래밍에 대한 기본적인 이해
4811,설계영업
4812,유관업무 유경험자
4813,내역 산출 작업
4814,섬유 수불 관리
4815,마감관리
4816,세금계산서
4817,업무 정리
4818,공정 개선
4819,현장 행정지원 업무
4820,소모품 입고관리
4821,사내 보안관리
4822,사업 평가
4823,연차관리
4824,건설PF
4825,기업혁신성장
4826,장비설계
4827,생산성 향상
4828,근로소득
4829,상용 웹서비스 운영
4830,철강제품 구매
4831,WPF
4832,한글작업
4833,SERVLET
4834,유류 산업의 이해
4835,예산 통제
4836,자재 관련 업무 보조
4837,통계
4838,해운대리점 업무 EDI 전송업무
4839,외항선박의 국내대리점 업무
4840,수출원가 계산하기
4841,제품조립
4842,실무경력
4843,사무실 비품관리
4844,수출관련 업무 지원
4845,상품 설명하기
4846,노무과 업무
4847,전반적인 관리업무
4848,농산물 판매
4849,INVOICE 발행
4850,트럭운전
4851,모션그래픽 기반 영상 편집
4852,불판코팅 현장관리
4853,TAT 2급
4854,오더관리
4855,온라인 응대하기
4856,조형
4857,드론 개발
4858,매출계획 수립
4859,기타 관리
4860,매출전표 입력
4861,조직관리
4862,홈네트워크 시스템 활용하기
4863,전산프로그램
4864,근로지원인
4865,로봇관련 전공자
4866,긍정적인 마인드
4867,수입통관신고
4868,간호학
4869,준공
4870,해외 바이어 전화 상담
4871,품질 보증
4872,프리캐스트 콘크리트 생산 제조
4873,작업 순서 결정
4874,완제품 품질 보증업무
4875,구조물 제작도면
4876,수산식품 유통정보 관리하기
4877,탄력적 근로시간제 이해도
4878,대행사 소통
4879,건설현장
4880,인쇄회로기판
4881,시스템 설계
4882,컴퓨터 OA
4883,EDR
4884,벤치마킹
4885,UART 등 구현
4886,도장 관리
4887,명함관리 하기
4888,개발 지식
4889,시장 트렌드 분석
4890,벤딩
4891,김천 경북 지역 공사
4892,실정 보고하기
4893,수납 업무
4894,여행상품 개발
4895,월별 손익 관리
4896,관리비 부과
4897,외부심사 대응
4898,ERP 모듈 사용 가능자
4899,VENDOR MANAGEMENT
4900,로켓배송 제안
4901,네트워크 엔지니어
4902,노인요양시설
4903,당사 SNS 계정 운영
4904,화물배차
4905,박사학위 수여자
4906,화학사고대피훈련
4907,간단한 서류작업
4908,애견수영장 청소
4909,농업
4910,차량 운행
4911,창호시공 현장안전
4912,네트워킹
4913,시스템 접근제어
4914,취업성공패키지
4915,컴퓨터활용
4916,공장 전반적 관리
4917,식품 검사
4918,시설관리
4919,외주 업체 관리
4920,성상
4921,영상 획득
4922,고객 반응 분석
4923,동별포장
4924,고객모객유치
4925,공무 현장기성청구
4926,캐릭터 유통 시장 분석
4927,학생관리
4928,비용관리
4929,고객시스템 장애 처리
4930,미디어홍보
4931,착공계
4932,상품 기획
4933,시스템공학
4934,프로그램 활용
4935,엑셀 사용
4936,전화 상담
4937,단순 생산작업
4938,팀리딩
4939,신규 매장 오픈 세팅
4940,해외거래처 주문관리
4941,인사관리
4942,중국 현지 소통
4943,명함관리
4944,납품차량배차
4945,회원 신청
4946,농업용기계 정미기 제품 영업
4947,W 유지관리
4948,피트니스
4949,매출처카드관리
4950,TOEIC SPEAKING 6단계
4951,부자재 입고
4952,문서 수발신
4953,CI
4954,안테나계 적용
4955,보고서작성
4956,용도계획 수립하기
4957,몸과 마음 그리고 정신적 성장
4958,HTML5
4959,업무 보조
4960,마케팅 캠페인 실행
4961,워드프레스를 이용해서 웹페이지 제작
4962,세무조정
4963,장거리배차
4964,현장 인력 관리
4965,전기공사
4966,기타 서류작업
4967,사업투자계획 수립
4968,생산계획
4969,FTA 적용을 위한 업무검토
4970,에어
4971,일용직 급여신고
4972,컴퓨터활용능력우수
4973,산업협력
4974,PC마감
4975,총무 관련 업무
4976,코스메틱 설비 설치
4977,기계설비유지관리자 고급이상
4978,거래처A
4979,H
4980,인지 AI
4981,생산 환경안전관리
4982,개발기획
4983,생산설비
4984,이슈 대응
4985,객실 업셀링하기
4986,망고보드 사용 가능자
4987,UI 구현하기
4988,농산식품 수익성 관리하기
4989,설계 변경
4990,공장장급
4991,기타
4992,3.5T 트럭 운전
4993,미수금 환불관리하기
4994,상실신고
4995,전자공학
4996,ERP
4997,MS POWER BI
4998,일반구매
4999,고무제품 성형
5000,건설업 입찰
5001,창호공사 현장관련 공무업무
5002,거래선 발굴
5003,생산공정
5004,CST SIMULATION운용
5005,2D캐드
5006,정부지원 사업 프로그램 기획
5007,유입 데이터 분석
5008,작업표준서 작성
5009,산재 절차 안내
5010,글쓰기
5011,식품공학
5012,대책서 등 고객사 대응
5013,운전 가능
5014,출하전표 발행
5015,재무제표 작성
5016,CREATE
5017,디자인
5018,운송사무원
5019,장부마감하기
5020,재단 관리
5021,부동산설계검토
5022,엑셀이나 파워포인트
5023,불량 데이터 관리
5024,간호사 자격증
5025,대책서 작성
5026,인원 관리
5027,인력소요 계획 수립
5028,영업업무
5029,자바 SPRING
5030,판매
5031,기타 업무 분장
5032,유리 제작
5033,답변
5034,시설관리 유경험자
5035,BPR 수행
5036,건설공무
5037,LPG충전시설 안전관리자
5038,이벤트 행사장 철수하기
5039,학생 상담
5040,경리과장
5041,현장 공무관리
5042,서류작성
5043,HACCP
5044,브랜드 홈페이지 기획
5045,유상수리 접수
5046,수출입관리
5047,대금청구
5048,더존프로그램
5049,주택관리사
5050,무인시스템 관리
5051,여행상품 예산 편성
5052,물류센터 업무프로세스 개선
5053,생산 관련 서류 처리
5054,XILINX FPGA 개발
5055,검사자 품질교육
5056,기계설비유지관리
5057,행사 운영
5058,물류팀
5059,손해사정사 사무원
5060,손님 응대
5061,SPRING
5062,시스템 설치지원
5063,건설현장 품질관리
5064,수입지출업무
5065,특급소방안전관리자 선임가능자
5066,에너지관리
5067,차량소유
5068,자재운반 설비 관리하기
5069,용역사관리
5070,소방안전1급
5071,CASH HANDLING
5072,서비스 업종 경력자
5073,분체도료 도장
5074,I-CUBE
5075,택배배송
5076,GUEST SERVICE
5077,사업기획
5078,프리젠테이션
5079,RF 하드웨어
5080,기타사항 전화응대 처리
5081,모니터링
5082,프레젠테이션
5083,안전시설 유지관리
5084,PC구조물 제작
5085,냉동수산물 판매
5086,원단 영업보조
5087,원자재 입출고 관리
5088,공시
5089,축산업
5090,도면분석
5091,상품 서칭
5092,승마용품 판매
5093,불출
5094,PC 사용
5095,사용자의 경험을 이해하고 요구를 충족시켜 본 경험이 있으신 분
5096,조경수
5097,작문
5098,승마장 매출관리 마감
5099,빅데이터 플랫폼 성능 모니터링하기
5100,부재 선별
5101,농산물 시황 분석
5102,시설운영위원회 관리
5103,메일 대응
5104,출고품 품질관리
5105,문화행사기획
5106,LIST 관리
5107,오픈마켓 운영
5108,지도조치
5109,상품 매뉴얼 작성
5110,사업 회계 업무
5111,XR 기술 활용 콘텐츠 기획
5112,수출신고서 작성하기
5113,영상 콘텐츠 편집
5114,유니폼관리
5115,매입 매출 거래처 관리
5116,분양사무
5117,스티커 제작
5118,배차사무
5119,폐수
5120,DATA관리
5121,영업
5122,판매촉진활동 기획하기
5123,안전보호구 착용하기
5124,유튜브 업로드
5125,설계변경
5126,출하처 결정하기
5127,건설현장 자재
5128,부자재관리
5129,창호 제작
5130,AIR FILTER
5131,콘크리트 구조물 제작
5132,만족도 조사
5133,CCNP
5134,고객센터 품질 관리활동
5135,경비지도사
5136,인원관리
5137,전기관련 실무능력
5138,관련업무 경력자
5139,전기차 충전기 관련 업무 경험
5140,POWER POINT
5141,전기기사자격증
5142,전산 입력 업무
5143,수출서류작성
5144,회계감사준비
5145,경영진 전화 연결
5146,수출입
5147,최종제품 평가하기
5148,HRD
5149,홍보 콘텐츠 제작
5150,인력채용
5151,도어
5152,세일즈 마케팅
5153,사업소득 세무조정하기
5154,가스 관리 담당자
5155,컴퓨터 사용 가능자
5156,공장생산
5157,현관지원업무
5158,서비스 모니터링
5159,정보보안 실태평가
5160,가공
5161,학사관리업무
5162,온라인 쇼핑
5163,서비스 수준 계약하기
5164,과제진도
5165,OWASP TOP 10 웹취약점 진단 경험
5166,NODE.JS
5167,계약 유지관리
5168,의학
5169,대리점 D
5170,기술이전
5171,강의경력
5172,본 · 지사 관리
5173,인사 총무 업무
5174,근로계약 관리
5175,이벤트 홍보
5176,과정평가형 자격취득
5177,메일 보고서 작성
5178,자격
5179,신뢰성 시험하기
5180,소방수첩 보유자
5181,ERP 솔루션 개발
5182,외국인 대화 가능한 직원
5183,출.퇴근 통근운행
5184,온라인 예약 현황 관리
5185,웹 상세페이지 디자인
5186,운전
5187,제품 납품
5188,입실 상담 응대
5189,전시행사홍보
5190,차량통신 사양
5191,골프장 락카청소원
5192,전기산업기사 이상의 자격 보유자
5193,자재 물량체크
5194,원가 관리
5195,한컴 오피스
5196,PM
5197,법인세
5198,시공사
5199,생산수량 수불
5200,PF
5201,차량
5202,MVC
5203,쇼핑몰 관리
5204,IT관련 전공자
5205,영어독해
5206,검사
5207,통신관련 업무
5208,에너지
5209,CCTV장치 기구품 설계
5210,전화 응대
5211,스텐
5212,고객상담
5213,PPT능력자
5214,자동화
5215,ERP 프로그램
5216,지출결의서 작성
5217,VHDL
5218,대기업 AUDIT 대응
5219,지출 관리
5220,식품
5221,이미지
5222,해당업무 경험자
5223,브랜드 인식 조사
5224,바이럴마케팅
5225,컴퓨터 사무용 소프트웨어 활용
5226,항비
5227,캐릭터 산업정책 분석
5228,총무관리직
5229,지게차 자격증
5230,압축기 관리
5231,E-MAIL
5232,백앤드
5233,안전점검하기
5234,본선
5235,본사 오창 이동
5236,서류 입력
5237,배관보수 작업 경력
5238,항공 수출 수입
5239,온·오프라인 이벤트 기획
5240,재료 준비
5241,공사비명세서 작성
5242,PL
5243,연말 정산 업무
5244,회계관련자
5245,DIGITAL TWIN
5246,수납
5247,상품재고관리
5248,운영체제
5249,예방조치
5250,석면해체
5251,품질 서류 관리
5252,소통
5253,호텔지배인
5254,무역서류작성
5255,제품 장애
5256,발송
5257,입출금 관리
5258,기성실적신고
5259,개발관리
5260,원고 카피라이팅
5261,원자재 입.출고 관리
5262,해외 시장 분석
5263,영업직
5264,외래입원접수
5265,객실 키 발급
5266,직업정보제공
5267,전기 선임필수
5268,공문서작성
5269,대형현장 관리 경험자
5270,상속 증여세 신고하기
5271,시즌별 상품 구성
5272,협력사 관리
5273,화주관리
5274,계측기장비사용
5275,대금 관리
5276,컴퓨터활용능력
5277,활동 지원
5278,농가 교육·컨설팅
5279,활 수산물 취급관리하기
5280,배관설비 적용
5281,수입조건 협상하기
5282,전반적 서비스 프로세스를 기획
5283,외주 관리하기
5284,유관업무 경력
5285,협력 업체 관리
5286,테스트케이스 작성
5287,성능시험
5288,신규거래처 영업
5289,생산 스케줄 관리
5290,빅데이터 플랫폼 장애 관리하기
5291,HRIS
5292,자재 구매 계획 경험 능력자
5293,회계사무실 서류 전 업무
5294,대외협력 지원
5295,기계
5296,MSA 기반 서비스 자원 구축
5297,조달관리
5298,BOM관리
5299,시스템 엔지니어
5300,주택정비사업부문 경력
5301,사내행사
5302,MFCC
5303,조리 가능자
5304,콘텐츠 기획‧개발
5305,폐기물처리수집 운반업 공사 계약
5306,전략적 검토
5307,지시
5308,작업스케줄 관리
5309,추천
5310,통합심사준비
5311,전화예약상담
5312,환급 프로그램
5313,장애대응
5314,접수 수납
5315,창고 입출고
5316,시공 경력
5317,CE
5318,화학물질취급인허가
5319,고급 기술자
5320,취득세
5321,화면설계서 기획
5322,거래명세서 관리
5323,IOT 실시간 모니터링 장비
5324,재활용 분리수거
5325,지역특성 분석하기
5326,교육 콘텐츠 기획
5327,사업계획 작성지원
5328,생산 계획
5329,주주총회 지원
5330,컴퓨터활용능력 중급 이상
5331,성적서발행 업무
5332,키스콘
5333,비품관리
5334,보험정비
5335,슈퍼비전하기
5336,광고 홍보
5337,경력 무관
5338,회계운영
5339,학사
5340,사급 계약
5341,수입보세면허
5342,장애인 문화·여가
5343,피더 설계
5344,사업계획
5345,임금
5346,소프트웨어 보안
5347,생산현장 QC
5348,견적서 작성
5349,영어 문서 독해
5350,스크린골프 고객 응대
5351,전자부품생산수율 관리하기
5352,기관 응대
5353,문서활용
5354,해당 문장에서는 생산관리 경력자
5355,상품기획
5356,현장 업무
5357,기계생산관리계획
5358,QA 테스터
5359,소방 1급 자격증
5360,안전요원
5361,정보통신 감리업무
5362,원 · 부자재 특성파악 하기
5363,인터넷광고
5364,일러스트레이터 가능자
5365,시스템 장애 대응
5366,과정평가형
5367,처리 알고리즘 적용
5368,현장직
5369,인보이스 작성
5370,AVEVA MARINE CAD 설계 테스트 연구개발 업무
5371,메카트로닉스
5372,냉동 수산물 취급관리하기
5373,영문 사양 검토 후 견적서 작성
5374,공문 작성
5375,기록
5376,단순수식
5377,프로그램 개발언어
5378,현장 소장
5379,IOT프로젝트
5380,품질관리 인력 관리하기
5381,건설현장 일정 관리
5382,공장 연락
5383,BTS
5384,벤딩머신
5385,피트니스센터 관리
5386,관련업무
5387,서무 업무
5388,회의
5389,완성품 검사
5390,미화용역포함
5391,토목공사
5392,지게차 운전자
5393,웹 서비스 마케팅
5394,자재 입고 부적합품 처리하기
5395,금융텔러직
5396,설비 셋팅
5397,교육프로그램 기획
5398,자재 입고 납기 확인
5399,소싱
5400,조직
5401,블루투스 개발
5402,유지보수
5403,품질보증
5404,SMART A
5405,사업계획수립·결산하기
5406,건강기능식품
5407,서버 프로그램 구현
5408,주문관리
5409,셔틀버스 운행
5410,공간 프로그램 운영
5411,작성 보조
5412,장애 처리 결과 보고하기
5413,시운전 PM
5414,포장공정 관리하기
5415,경화성
5416,사업장순회점검
5417,보험료 신고업무
5418,데이터베이스 프로그래밍
5419,산업기사 자격
5420,외주 관리
5421,외국무역선
5422,재고위치 확인하기
5423,급여계산
5424,사업 PM
5425,불만 사항 해결 방안 마련
5426,자재 입·출고 관리하기
5427,타일
5428,제품 회로 구성
5429,엑셀 고급능력
5430,일본업체 대응
5431,국책과제 경험
5432,지도자 훈련
5433,게임
5434,운송 차량
5435,도급 부품 품질관리
5436,온라인 배너 등록
5437,프로그램 컨트롤러 보드 제작
5438,생산관리
5439,연령대 소통
5440,대내외 홍보 자료 작성
5441,직업훈련교사 자격
5442,캠핑
5443,철콘
5444,생활가전
5445,대출
5446,사업운영
5447,제품수주
5448,수출관리하기
5449,탕비용품 구매
5450,무역서류 정리
5451,부동산 고객 협상
5452,수입
5453,비용
5454,네트워크장비 관리
5455,구매 관리
5456,프리젠테이션 능력 우수자
5457,현장 품질관리
5458,이카운트 사용
5459,제직관리
5460,현장 관리
5461,3D 배경 모델링
5462,기본 컴퓨터 활용가능자
5463,온라인 상담
5464,VM웨어 운영
5465,HACCP 서류
5466,GPS
5467,ERP 입력
5468,배관자재 품질관리
5469,그릴링
5470,ETL
5471,해외 영업
5472,반자동 기계조작
5473,C#.NET
5474,출사
5475,오픈소스 라이센스 체계와 도구 사용
5476,CS 경험자
5477,NATIVE 또는 HYBRID 앱 개발 경험
5478,면접인원 통보
5479,도면 해석
5480,개발부담금
5481,필터 제조 관리
5482,견적
5483,세법상 수입금액 확정하기
5484,스프레드시트
5485,제품 측정
5486,캐릭터 상품 홍보물
5487,조리
5488,이벤트 기본계획 수립하기
5489,품질관리 교육성과 평가하기
5490,컴퓨터 엑셀
5491,휴게소 상품관리
5492,현장 관리직 경험
5493,화학
5494,실크스크린
5495,지원업무
5496,경영정보시스템 개발
5497,프로젝트 행정
5498,성매매방지상담원 양성교육 이수자
5499,LTE 5G 신규기능 검증
5500,게임 좋아하셨던 분이나 개발 쪽 관심있으신분들도 지원하세요
5501,보조업무
5502,전산기기 유지보수
5503,컴퓨터 기본능력
5504,부품 매입 매출
5505,구매발주
5506,어린이 놀이시설물 품질관리
5507,제품품질개선
5508,직원 할인
5509,작업 능률 향상
5510,혼합기
5511,배식지원
5512,사진파일 수정 작업
5513,부착 작업
5514,설비별 생산계획 수립
5515,생산 발주 지시
5516,배송일정
5517,시설ㆍ설비 청결상태 관리하기
5518,제품 시장조사
5519,신규시장 개척
5520,투자사 대응
5521,건축견적
5522,폐기물처리산업기사
5523,데이터 품질진단
5524,L2 POE 광장비 성능 BENCHMARK 비교
5525,문화행사 프로젝트 운영 매니저
5526,종이케이스제조
5527,생산성 검토하기
5528,서버
5529,QC 경력
5530,회계프로그램 사용
5531,사후 장비 관리
5532,MS EXCEL
5533,아동지도
5534,관련 정책
5535,생산공정관리
5536,이카운트 숙련자
5537,홀 매니저 경력
5538,적산
5539,섬유관련
5540,CAD 작업자
5541,조직 역량강화
5542,자재구매 관리
5543,건물시설 이상유무 점검
5544,위기 관리 전략 수립
5545,실행
5546,생산
5547,완성품
5548,자재관리
5549,효율적인 코드 작성
5550,보수교육 계획 수립
5551,건설기술인 초급 이상
5552,발주서 관리
5553,자차 소유
5554,GIS DB
5555,시설물 유지
5556,수입 전략 수립
5557,수입배송 운송사 스케줄
5558,건축물 유지관리
5559,작업장 위생 관리하기
5560,수출입서식 준비하기
5561,HACCP 서류작성
5562,수산식품 거래 관리하기
5563,고객 중장비 판매계획 수립
5564,인건비신고대행
5565,사진 편집
5566,학원 수강생관리
5567,컴퓨터 자격증
5568,데이터 분석
5569,봉제
5570,인증심사
5571,야채손질
5572,관
5573,세팅
5574,행정업무
5575,개선 방안 처리
5576,플라스틱창호 제조
5577,설비대리
5578,물류개발 시스템 유지보수
5579,식품회사 업무 경험
5580,세무사 사무실 경력
5581,현장 POP
5582,장애 대응 방안 수립하기
5583,안전계획 훈련하기
5584,빅데이터 수집시스템 설계
5585,벤딩기조작
5586,온라인 박람회
5587,사내외 공정불량 확인
5588,인증관리
5589,공구 관리
5590,한글 사용 능숙자
5591,물적자원 구축
5592,대관업무
5593,거래처 신규개척
5594,문서
5595,식품회사 품질관리 유경험자
5596,변전시설의 설비 조작
5597,적정 재고 발주하기
5598,엑셀 능숙자
5599,휴가관리
5600,매입 매출관리
5601,제과제빵
5602,파워쿼리
5603,통관
5604,영어 통
5605,경영기획 업무
5606,선박 스케줄 확인
5607,컴퓨터 활용 능력
5608,정보화 전략 수립
5609,L3 STATIC ROUTING
5610,버터플라밸브 경력
5611,MVVM
5612,직무 교육 운영
5613,마케팅 경력
5614,택배발송관리
5615,기자회견 운영하기
5616,NETWORK
5617,대면상담
5618,CCTV공사
5619,감정
5620,WMS
5621,신상정보 관리
5622,이수자
5623,케어포
5624,식육가공
5625,선박엔진 기부속
5626,협력기관관리
5627,예약관리
5628,퇴직연금
5629,애자일 방식의 프로덕트 구축과 협업
5630,예약문의
5631,보상제도 기획
5632,공정기술 교육하기
5633,위반차량 심사 업무
5634,파워포인트
5635,시공계획서 검토·승인하기
5636,통신 프로토콜 개발
5637,선.후행 관철 의장 공정
5638,신고대리
5639,대외 보고
5640,고객사 불량관리
5641,3D->2D 도면화
5642,육류 가공
5643,투자방법 결정하기
5644,해외 매출 관리
5645,제조업
5646,판매촉진활동 평가하기
5647,제과제빵 관련 원부자재구매 경력
5648,회의 참가자 마케팅 계획 수립하기
5649,여행사 관련 회계업무
5650,차량용배터리 시트
5651,성능 검사하기
5652,사회복지사 자격증
5653,직업훈련 운영
5654,감독
5655,변경 제출하기
5656,회원 관리 지원
5657,도면 프로그램 문서화작업
5658,XR
5659,자재명세표 작성
5660,아파트
5661,ERP 운영
5662,선박관리
5663,국고사업
5664,배너 디자인
5665,투자활동 자금계획하기
5666,접수등록
5667,일반사무 업무
5668,설비 지식
5669,생산 데이터 정리
5670,업무시간 동안 서서 작업
5671,타석관리
5672,자재 입출고관리
5673,컴퓨터 관련 자격증
5674,자가
5675,플라스틱 사출 조립
5676,결과 보고서 작성
5677,각종 문서 제작
5678,사내교육
5679,자동차 전장품관련 생산계획관리자
5680,펌웨어 요구사항 분석하기
5681,편집작업
5682,현장설치
5683,관련업무 종사 경험
5684,센터장비관리
5685,연출
5686,ITS
5687,이슈 진행 검토
5688,공연행사기획
5689,프라스틱 사출 경력
5690,영업팀 지원
5691,간호학생교육관리
5692,발주확인
5693,문짝
5694,출하관리
5695,호텔 객실 예약
5696,건설업체 근무
5697,자재입출고
5698,결산대행
5699,네이버 애널리틱스
5700,국제협력사업 개발
5701,4대보험 취득상실
5702,문서작성능력
5703,드라이
5704,중국어 등
5705,생산부서 관리
5706,온라인홍보
5707,혼합실
5708,정보통신 관련 분야 장비 개발
5709,정밀점검
5710,부품 검토
5711,산학협력단 회계업무 경력
5712,건축자재 취급 경험
5713,전산세무2급
5714,키스콘신고
5715,ANDROID JETPACK
5716,생산계획 작성
5717,장부작성
5718,공무 업무
5719,관련전공자
5720,재산 관리
5721,약품 재고 관리
5722,서비스관리
5723,W 관련 전공
5724,결산처리
5725,LABVIEW 프로그램 제작
5726,프론트 인포메이션 경력자
5727,건축공사 현장대리
5728,도로공사평가업무
5729,감사 대응
5730,봉제분야
5731,방사선사
5732,초보
5733,MILL SHEET
5734,법인체 인수합병
5735,지게차운전면허소지자
5736,납품사무
5737,프로토타이핑
5738,개선 방안 수립
5739,사업관리
5740,인터페이스 기능 구현하기
5741,ERP활용
5742,계약체결방법 구분하기
5743,렌탈상담
5744,서비스마인드 필요
5745,생산 관리 일반
5746,AUTO CAD
5747,관제
5748,공학
5749,예약실
5750,생산성 개선하기
5751,노무
5752,마케팅 자료 기획
5753,SNS 마케팅 영상 컨텐츠 디자인
5754,최종 내역 계산하기
5755,영상 업로드 관리
5756,CNC
5757,개인 복장
5758,SPRING BOOT
5759,유급 휴가
5760,대리점관리
5761,HRD 사용 경험자
5762,ISTQB
5763,입실 문의 글에 댓글 달기
5764,폐기물 처리산업기사
5765,FTA원산지증명서의 발행
5766,경력
5767,차단
5768,하우스 강관
5769,기존외주업체관리
5770,SQ유지관리
5771,부품 원가 분석
5772,CD
5773,매입 거래처 관리
5774,택배 업무
5775,원부자재 발주
5776,CW
5777,하도급관리
5778,출하준비
5779,코일 입출고
5780,제품 출입고 관리
5781,플랫폼 기획
5782,고객사 업무대응
5783,선사들 관리
5784,전자부품
5785,수질검사
5786,해외 거래처와 업무관련 EMAIL
5787,STM32 C
5788,핵심 성공요소 도출하기
5789,정산 업무
5790,지제차운전
5791,금속재료시험
5792,설비과장
5793,블로그마케팅
5794,물류 환경 조사하기
5795,낚시코너 정리
5796,등록 업무
5797,매입매출전표관리
5798,방산 자재구매
5799,문틀
5800,수도권 거래처관리
5801,제작인력 구성하기
5802,재고장 관리
5803,입주자대표회의 진행
5804,전기과장
5805,VPN
5806,개체 인식
5807,산업안전산업기사
5808,법정 의무 교육 운영
5809,국가기술자격 취득자
5810,관련 비용 정산
5811,해외 거래처 관리
5812,컨설팅
5813,식품기계 조작
5814,세무사
5815,생산라인 품질관리
5816,행사 설문조사
5817,회의 통역
5818,건물 관리
5819,매출세금계산서 발행
5820,기준 정비
5821,가스기사
5822,영어 소통
5823,회의 지원
5824,서비스 마케팅 기획
5825,임직원 교육훈련
5826,금속구조물
5827,2차가공
5828,ELT
5829,기준규격 확인하기
5830,전산관리
5831,장애인일자리센터
5832,시각 디자인
5833,핵심 로직 설계
5834,분양현장관리
5835,기사 앵글 기획
5836,공식홈페이지 기획 운영
5837,주문수집
5838,ERP프로그램상 수불관리
5839,더존 I-CUBE 사용 가능자
5840,지역역량강화 교육
5841,사상
5842,조별 정산
5843,사무실청소
5844,문서 작성
5845,3D 자격증
5846,미리캠버스
5847,조선공학
5848,요양병원평가
5849,시설 전체의 관리
5850,선정
5851,시설물 생산관리
5852,지분법 평가
5853,GIT-FLOW
5854,토목 건설현장
5855,상품 경쟁력 분석
5856,가구자재관리
5857,관리상담매니저
5858,교육 영업 지원
5859,SUPPLIER MANAGEMENT
5860,투숙객 입-퇴실 관리
5861,정부지원금관리대출
5862,근무시간대 조율
5863,환경 관리
5864,전기분야 업무
5865,부트로더 구현
5866,냉동배차
5867,신규업체 발굴
5868,부동산 중개업무
5869,신규수임업무
5870,손해사정사
5871,F 펨웨어 개발
5872,UNREAL
5873,KPI 작성
5874,가스안전관리자격
5875,신규사업발굴
5876,관리소장업무
5877,관리비 부과 업무
5878,사회복지사의 자격
5879,소방안전관리자 2급
5880,기업 건강검진 컨설팅
5881,JQUERY
5882,토지이용계획
5883,TYPESCRIPT
5884,수금관리
5885,예산 계획 수립
5886,장부 관리
5887,프론트엔드
5888,친절하고 꼼꼼한 성격의 소유자 우대사항이 언급되었습니다.
5889,상품 진열
5890,소방안전관리자 1급 이상
5891,QM검사
5892,전표 처리
5893,생산관리 업무
5894,2종보통 운전
5895,멀티보링기계
5896,납기일정 조율
5897,밀키트
5898,쇼핑몰 보안
5899,입찰
5900,예약 관리
5901,영문 이메일 송수신
5902,프로그램 ERP더존
5903,사내 재고품 ERP 등록
5904,대기방지시설 제작
5905,스마트 공장 구축
5906,식물 검역
5907,CAN
5908,안전관련 문서수발 작업
5909,UNIX
5910,통화
5911,전산장비 관리
5912,배차지시
5913,원료
5914,현금 지급
5915,감정평가
5916,RS-485
5917,유튜브 콘텐츠 기획
5918,제조품질 관리
5919,일본 공급자 발굴
5920,드론과 연계된 제품 HW 설계
5921,커피전문점 근무
5922,단체교섭 유경험자
5923,구성하기
5924,자재 협의 발주 견적업
5925,업무처리
5926,온라인 광고의 컨텐츠 제작
5927,유지 관리하기
5928,원재료 발주
5929,YOLO 개발
5930,실습 조교
5931,이벤트 제작물 수요 파악하기
5932,운전명허증 소지자
5933,물류입출고 검수
5934,목창호공사
5935,가스관리
5936,품질관리중급이상
5937,자재 보관 관리하기
5938,주파수분할 다중화장비
5939,재료설계 기술표준 작성하기
5940,관세 혜택
5941,공동주택 기
5942,공문서 수
5943,운영 기획
5944,운영 마케팅
5945,사업계획서작성
5946,법인카드 관리
5947,펌웨어 구현하기
5948,자재 입
5949,구매
5950,기 제도권 또는 스타트업 금융서비스 개발
5951,안정화
5952,유전공학
5953,성적서관리
5954,관련업무 분야 5년 이상 근무 경력자
5955,마감자재 투입일정
5956,NAVER
5957,독립적인 업무 수행
5958,열관리 기능사
5959,시내
5960,청소상태 점검
5961,사업 기획의 보조 업무
5962,순환골재 품질
5963,쓰기
5964,자재 입고 외 ERP입력
5965,기계설비유지관리자 초급 이상
5966,예약현황 정리
5967,데이터 시각화
5968,정보 보안 유지하기
5969,운전가능
5970,행정처리
5971,제품 개발
5972,이벤트 특성 파악하기
5973,경리사무원
5974,급여명세서 작성
5975,공정 능력 관리
5976,상품인증 관리
5977,법무
5978,재고 파악
5979,회계
5980,프로그래밍 개발
5981,1종보통 운전면허증
5982,원무과 접수
5983,사업성 평가
5984,제작 도면작성
5985,프런트 업무
5986,전시
5987,급여 명세서 관리
5988,취업관리
5989,상세 페이지
5990,종합소득세
5991,창고 상품적재
5992,클라우드 시스템
5993,분양업무 수주하기
5994,더존 스마트A 사용가능자
5995,B
5996,등록
5997,기본적인 장부 기장 능력
5998,생산 라인 관리
5999,수출입계약
6000,4대보험신고
6001,경리 회계 업무
6002,아웃바운드
6003,수입수출 판매
6004,펌웨어 프로그램 개발
6005,회계 경력
6006,컨텐츠 관리
6007,상품개발
6008,도면 작업
6009,견적서
6010,구매계획
6011,도금
6012,NEXCRO
6013,PRODUCT INTRODUCTION
6014,1톤
6015,청구관련업무
6016,생산일정 계획하기
6017,경리 회계 경력자
6018,냉동 컨테이너 배차보조업무
6019,출퇴근 업무지원
6020,정부지원금 신청
6021,기술 문의 대응
6022,표시기
6023,머신비젼
6024,컴퓨터 활용능력 우수자
6025,수입 신고
6026,집계관리
6027,대외 품질관련 보고서 작성
6028,IELTS 5.5
6029,간이지급 등 제출
6030,부가세 정리
6031,엑셀
6032,핸드폰외장가공
6033,작업환경측정
6034,면학 분위기 조성
6035,통계학
6036,재무분석
6037,생산 일정 작성
6038,신규 공장 발굴
6039,컨택
6040,중국어
6041,불안전시설물 개선하기
6042,이물관리점검표
6043,행정사무 전반
6044,택배 상하차 작업
6045,배치 관련 업무
6046,완제품 입출고 관리
6047,광고관리
6048,빅데이터 수집시스템 구성
6049,DELPHI
6050,Q
6051,입출항수속
6052,작업자 위생 관리하기
6053,상세 페이지 구성
6054,전산입력업무
6055,그림파일
6056,일보작성
6057,신규 거래처 영업
6058,PHASER
6059,매입매출 정리
6060,엑셀사용능력
6061,회원관리
6062,입고 출고업무
6063,보호자상담
6064,구매 발주
6065,생산 일정 관리
6066,회원사 급여대장 작성
6067,소송
6068,금속제품 도장준비
6069,숙박
6070,지게차 운전가능자
6071,전산장비 유지보수
6072,통계자료 입력
6073,시설설비 수리
6074,메타버스 기반 교육 기획
6075,통신
6076,생산 실적관리
6077,매입마감
6078,건설업
6079,고객 전화응대
6080,세라믹
6081,웹 서비스 성능 최적화 경험
6082,대외 행사관리
6083,교육 컨텐츠 기획
6084,대규모 지식산업센터 관리 有 경험자
6085,당일 배송 나갈 물류 흐름 파악
6086,보일러 안전
6087,사업체 관리
6088,견적작성
6089,전산 처리
6090,사무관리
6091,물류납품
6092,개인정보보호 관리체계 수립
6093,직종별 급여 지급
6094,각종문서점검
6095,영상보안 관리
6096,마케팅 경력 업무
6097,영어 회화
6098,농산식품 거래처 관리하기
6099,직원 인사관리
6100,설치검사
6101,제조 직원
6102,데이터 컨설팅
6103,외국어
6104,출장
6105,성적서
6106,공정 진행 관리
6107,컴퓨터 단순입력 가능자
6108,1종보통
6109,언론
6110,종합소득세 신고
6111,품질평가 계획 수립하기
6112,증명서 발급하기
6113,주유소 관리
6114,분양대금 수납
6115,개인위생 관리하기
6116,기자재 영업
6117,중국 관련 업무
6118,식품관련 영업 경력
6119,데이터레이크
6120,기관물품조사
6121,AURORA
6122,원무행정업무
6123,선박 관리
6124,마감업무
6125,컨테이너 운송
6126,품질 제품검사
6127,홍보 마케팅 기획
6128,객실 수요 예측하기
6129,컴퓨터 관련 학과
6130,부동산 분양
6131,고충처리
6132,직무 관련 자격증
6133,택배 포장
6134,기계분야 생산관리 유경험자
6135,세무업무
6136,착공내역작성
6137,결산조정
6138,도전 정신
6139,해외영업 환경 분석
6140,본사관리
6141,입출고
6142,시설장
6143,AE
6144,선입선출하기
6145,보안 이슈 이해
6146,현장 감독
6147,W4C
6148,생산 발주
6149,경영진 일정 계획
6150,자산관리
6151,사무실
6152,외근 가능자
6153,로컬관광사업 현장관리
6154,건설업 영업관리
6155,법규 확인
6156,용업 업체 관리
6157,고객 입회 검사
6158,교육기획
6159,API
6160,자바개발자
6161,오픈마켓
6162,셔틀버스 관리하기
6163,대리점 방문
6164,온도점검
6165,외식업소 회원관리
6166,거래처 응대
6167,부적합품 관리
6168,원재료 입출고
6169,전기전자
6170,공간
6171,영어 능통자
6172,고객응대
6173,설계도서 시공성 검토하기
6174,물류센터 관리 유경험자
6175,IT
6176,오피스 프로그램 능숙자
6177,부가세 신고
6178,퍼포먼스 마케팅
6179,창호공사 현장관리
6180,중소기업 성장 지원
6181,시공사 선정
6182,증빙서류 관리하기
6183,사회복지사 2급
6184,사업성 분석
6185,통합 모니터링 관리
6186,HACCP 문서 유지
6187,입퇴사자
6188,근무 시간
6189,탑재공정
6190,안전관리
6191,소방안전 관리
6192,소분 작업
6193,이메일 접수
6194,심사
6195,행사안내
6196,성능 최적화
6197,클라우드 인프라스트럭처 기술
6198,1T 트럭 운전
6199,관리기준서 작성
6200,현장 품질관리 경력
6201,캐드도면 이해
6202,원가계획
6203,전기판넬 제작
6204,주차 안내
6205,앱 개발 프로젝트 총괄 경험
6206,생산일정 조율
6207,PC 생산관리
6208,전략 수립 경험
6209,원무행정
6210,지그 수리
6211,환경관리 계획하기
6212,인사제도컨설팅
6213,증원
6214,건설회사 사무직 경력직 사원
6215,재출고 송장출력
6216,외근
6217,영화관
6218,고객요구 조사하기
6219,패키지 제작관리
6220,하드웨어 테스트하기
6221,타자 빠르기
6222,블루투스 통신 앱 개발
6223,여행상품 마케팅 믹스
6224,SNS 운영
6225,조미 분석
6226,가맹점 수발주 관리
6227,관공서 업무
6228,품질관리
6229,편직
6230,개인보호구 관리
6231,환경
6232,철근가공
6233,불만 내용 분석ㆍ처리하기
6234,가공기계·설비위생 관리하기
6235,캐드작업
6236,경영진에게 업무 보고하기
6237,철근가공생산
6238,정산
6239,명세서 입력
6240,레이져기계 조작
6241,활성화 사업
6242,전략기획
6243,소방설비기사
6244,공무업무 수행 경력자
6245,통신공사 시공
6246,구매 발주 관리
6247,유지관리자
6248,생산부 근태관리
6249,PCB의 기본공정
6250,내역작업
6251,제작 반응 분석
6252,블로그 개설
6253,오피스
6254,보고서 작성
6255,사업 관리
6256,고객 니즈 파악하기
6257,유니티 개발
6258,거래내역서
6259,생산 일보 마감
6260,블로그 홍보사이트
6261,영업용화물 자동차 관리
6262,인터넷 사용
6263,와이퍼생산
6264,노
6265,BUSINESS BOUNDARY
6266,홈페이지
6267,전자상거래 경험자
6268,대인관계
6269,인테리어 자재 관리
6270,사내 솔루션 개발
6271,콜센터 상담직
6272,부품
6273,한글 프로그램
6274,급여지급
6275,교육 기획
6276,기타 배정업무
6277,납기 준수
6278,엑셀가능자
6279,근무 지
6280,동종업계 경력자
6281,심사평가
6282,PPAP 4M관리
6283,DDOS
6284,범용선반
6285,HACCP 인증
6286,경리 업무 전반
6287,수출물품 FTA 검토하기
6288,글자를 잘 읽을 줄 알아야 함
6289,직업상담사 2급 자격증
6290,기본적인 컴퓨터 업무 가능한자
6291,생산계획 파악
6292,외부 조경관리
6293,호텔경영학
6294,기성청구
6295,결과 분석
6296,전화주문 상담
6297,입 관리
6298,선장 보조
6299,제품포장
6300,디지털 광고집행 경험보유
6301,조선기자재 유경험자
6302,준공서류
6303,임베디드 펌웨어 엔지니어
6304,공정개선
6305,생산 제품
6306,W 개발
6307,데이터 활용 기본계획 수립
6308,스마트 저축은행 이용관련 해피콜
6309,AWS
6310,내부 회의 준비
6311,공사관리부 현장관리
6312,ERP등록
6313,중국어 능통자
6314,회계처리 관련 지원
6315,참여 사업 관리
6316,채용 브랜딩 운영
6317,문제 해결 능력
6318,회의 홍보 전략 수립하기
6319,계약요청
6320,중거리배차
6321,2D 게임 제작
6322,DB보안
6323,인적자원 관리하기
6324,입고 관리
6325,장애인복지
6326,회계업무 보조
6327,기업훈련지원 분과위원회 구성
6328,하불 마감
6329,인사관련 교육
6330,스토어 운영
6331,플레이오토
6332,인쇄업이라는 직무가 언급되어 있습니다.
6333,일본어
6334,빅데이터 분석시스템 구성
6335,대내 자료 작성
6336,HACCP실무
6337,지게차운전
6338,보수교육 실행
6339,펜션 청소
6340,분양업무 기본계획 작성하기
6341,건물관리용품
6342,계란 선별
6343,반품관리
6344,엑셀사용가능자
6345,샘플발송
6346,상품등록
6347,환경정비
6348,산업안전관리 업무
6349,열처리
6350,스캐치업
6351,전기무제한선임 가능자
6352,농산식품 고객 관리하기
6353,보안 관리하기
6354,문의답변
6355,행정업무 보조
6356,UX 설계하기
6357,농산물 포장
6358,준공사진정리
6359,성능 분석 도구
6360,학생 입퇴실 관리
6361,참여
6362,프로젝트 진행
6363,승마장 프론트 고객응대 지원
6364,S 이메일
6365,건설현장 소장
6366,정보 검색
6367,보조
6368,토목부문 자격증
6369,정보보안산업기사
6370,세무사랑
6371,자재 출고 계획 수립하기
6372,제조업체 기반 연결재무제표 작성
6373,프로젝트관리 소프트웨어 실무능력
6374,거래처 대응
6375,보안컨설팅
6376,디자인 프로그램
6377,객실
6378,자체 전산 프로그램
6379,후처리
6380,견인
6381,거래선 신용조사하기
6382,품질 경험자
6383,특판영업
6384,관리소장
6385,직업상담
6386,원료수불장
6387,거래처 영업
6388,ISO9001 품질경영시스템 요구사항 파악하기
6389,공정표 작성
6390,협회 실적신고
6391,전산입력
6392,경력직 연봉협상
6393,자동화 프로세스 구축
6394,건설현장 자재관리 경력자
6395,신소재설비
6396,생산현장 시스템 SETTING
6397,컨셉 기획
6398,지게차 조작
6399,박스반포장
6400,고객정보 관리
6401,번역
6402,제품
6403,도면 발주 정리
6404,IBT TOEFL 75점
6405,일반사무
6406,전자
6407,안전시설물 설치하기
6408,도로사면안전
6409,공동주택관리
6410,토목산업기사
6411,엘리베이터 부품 자재 입출력 관리
6412,식품제조시설
6413,나라장터 입찰
6414,품질 표준 문서 작성
6415,안심귀갓길 제조
6416,B2B 거래처 관리
6417,현장 점검
6418,SW보안약점진단원
6419,인터페이스 설계서 확인하기
6420,지게차 운전 기능사 자격증
6421,평가 교육하기
6422,이벤트 행사장 조성하기
6423,정보 기기 관리
6424,해외바이어와 통화
6425,출입 서류 업무
6426,대장 관리
6427,생산직
6428,국내 시장 분석
6429,원산지관리사 자격 소지자
6430,학생 학습지도
6431,이벤트 실행하기
6432,지원금관리
6433,법률에 의한 관세 등의 환급 대행
6434,공작기계 숙련공
6435,상품 제안하기
6436,민원대응
6437,인원
6438,컴퓨터 가능자
6439,공정관리
6440,소방안전관리자 2급 선임
6441,아파트현장
6442,회계 관련 프로그램 활용 능력
6443,웹사이트 기획
6444,대외 협력
6445,A
6446,압출기 오퍼레이터
6447,REDIS
6448,미팅
6449,밸리데이션
6450,전략방향 수립하기
6451,SQL 활용 능력
6452,압출시트 생산
6453,스토리보드 기획
6454,CRM 전략 수립
6455,화물 운반작업
6456,품질정보 관리
6457,검사 자동화 프로그램 개발
6458,상담
6459,팀 기반 보너스
6460,법률 상담
6461,관공사 경력
6462,관련서류 작성
6463,공연
6464,사업장 경비원 관리
6465,고객 응대 서비스
6466,품질관리계획서 검토·승인하기
6467,기본 서류 작성
6468,세무조정업무
6469,공동도급 관리하기
6470,건설기술경력
6471,컴퓨터 관련
6472,제품 샘플작업 보조
6473,견적 요청
6474,관련 사무
6475,마당 입고 물건 작업
6476,시정조치하기
6477,품질 부적합사항 조치하기
6478,클라우드 환경 설계
6479,W 테스트
6480,웹스트리밍
6481,해상 수출
6482,창고 입
6483,360도 영상 후가공
6484,업체위생관리
6485,공압
6486,W FIREWARE 프로그램 개발
6487,수입원가 계산
6488,수출
6489,회계결산
6490,엑셀작업
6491,품질 문서 관리
6492,선박 해운대리점 제반 업무
6493,가구 인테리어 관리직
6494,재시관리
6495,자가운전
6496,전기기사
6497,가스안전관리자
6498,강아지 돌봄
6499,이벤트 주제 도출하기
6500,소프트웨어 관련 기술자격증
6501,제품 계량
6502,세금계산서발행
6503,특근
6504,ANDROID APP 개발
6505,자동차 부품 품질관리
6506,어르신 관련 사회복지 행정업무관리
6507,송장 출력
6508,틱톡
6509,세륜기 영업
6510,구매자재 업체 견적 비교
6511,상하수도건설 현장소장
6512,빌딩 경리사무원
6513,정부 보조사업
6514,부가세
6515,업무: 주차관리
6516,고급기술자
6517,하드웨어 테스트 SW 구현
6518,월마감 정산자료 정리
6519,거래처 납품
6520,국내외 무역규범 파악하기
6521,수주접수
6522,사업비 관리
6523,회사 홈페이지 제작
6524,작업팀관리
6525,업무지원
6526,투자 유치
6527,방충 방서 관리하기
6528,PPT
6529,창고 검수
6530,정보 보안 유지
6531,AZURE
6532,프레스 작업자 관리
6533,교육홍보
6534,입원수속
6535,재무관리
6536,능동적이며 커뮤니케이션
6537,더존 회계프로그램 사용
6538,기존 가맹점 관리
6539,사업청산
6540,플라스틱 압출 생산 경험
6541,습도
6542,자금관리
6543,구매관리
6544,채용
6545,건축캐드
6546,입⋅출고 관리하기
6547,온라인몰 운영
6548,종합소득세 부속서류 작성하기
6549,근로계약
6550,고객전화응대
6551,사무관련
6552,설비 유지 관리
6553,현장직원 관리
6554,경영목표 수립하기
6555,OEM
6556,신규 거래처 발굴
6557,운영한 경험이 있으신 분
6558,네트워크 관리
6559,수급자 고충접수 처리
6560,전기기사 자격증
6561,매장 관리
6562,단순생산직
6563,767KW 선임가능자
6564,영업서비스 관리
6565,휴대전화
6566,영어 메일
6567,정보통신 관련 장비
6568,수출입회계 작성하기
6569,대리점
6570,제조 준비하기
6571,하드웨어 제작하기
6572,품질관리 교육계획 수립하기
6573,현장관리인
6574,생산계획 수립
6575,오퍼레이터 경력
6576,구매업무 담당
6577,아두이노
6578,근태정리
6579,퇴직금산정
6580,캐드도면 작업
6581,세탁 직종 관련 유경험
6582,시설 관리
6583,더존 사용 가능자
6584,WEB
6585,건물 청소
6586,GO
6587,급여
6588,행사기획
6589,운용
6590,캐릭터 상품 시장 분석
6591,후보자 서칭
6592,RF FILTER 설계
6593,사업 구조화
6594,보조 업무
6595,OPERA PMS 사용 가능
6596,품목별 재고 관리
6597,이벤트 제안서 작성하기
6598,쇼핑몰운영
6599,공동주택
6600,프로젝트 유지보수
6601,상담사
6602,OFFICE 365
6603,포장 설비 운영
6604,생산공정 현장 점검
6605,바이오
6606,ERP프로그램 사용하기
6607,기업지원
6608,일별
6609,원료육 상태
6610,커뮤니케이션능력
6611,메시지 전달
6612,사업계획 작성
6613,보안장비
6614,연구원으로 등록가능
6615,담당 채널 영업 기획
6616,엑셀 입력
6617,검교정 관리
6618,현장 보조
6619,실행력
6620,인테리어 판매 영업
6621,전자태그 스티커 부착
6622,기장 업무
6623,자재창고
6624,사업수지
6625,토지권리분석
6626,세무조사대응
6627,차량배차
6628,협의
6629,이카운트 회계프로그램 사용
6630,대형 사우나
6631,택배작업
6632,자재선별
6633,유사 서비스 경험
6634,기타 영업지원
6635,소매
6636,상품 입고 상
6637,설계 AUTOMATION 개발
6638,개발 경험자
6639,이화학검사하기
6640,약정 후 이행사항 점검하기
6641,B2B
6642,프론트 마감
6643,크라샤업무
6644,지게차 운전
6645,자동화기계 설치
6646,품질관리자
6647,전기공사산업기사
6648,PLC
6649,기계가공
6650,수출입 신고
6651,메카트로닉스 제어
6652,예약접수관리
6653,해당직무경험자
6654,내부환경 분석하기
6655,해외시장 조사
6656,해상 특송 수입 화물에 대한 전반적인 통관지원업무
6657,고효율단열재
6658,CATIA V5
6659,고객사 클레임 대응
6660,근태
6661,공간스캐닝 활용
6662,공연홍보
6663,산재보상 보조
6664,우편물 수발신하기
6665,시험장비 개발
6666,안드로이드
6667,기계 점검
6668,SW품질 컨설팅
6669,건설업일용 보수신고
6670,농산식품 관리하기
6671,계산
6672,설계
6673,고속도로 무정차영업소 진출입 영상 보정
6674,창고료
6675,건설안전기사
6676,적기공급 평가 개선하기
6677,인근거주자
6678,검진 협약
6679,정부지원사업 선별
6680,컨베이어 관련 현장 기계 조립 총괄
6681,간호파트
6682,식품가공제조 생산관리자
6683,흙막이 부대토목 공사 견적서 작성
6684,항공용 전자빔 조향 위성안테나 개발 지원
6685,영업프로그램 운영
6686,투영기
6687,나라사업 추진
6688,고객민원 해결
6689,광고등록
6690,주요 재무지표 관리
6691,캐드
6692,프로젝트 기획
6693,회계프로그램 운용하기
6694,국제무역사 등
6695,매입 거래명세서 관리
6696,대금청구 서류 작성
6697,워드 사용
6698,내방객 응대 준비
6699,캐드도면작성
6700,고객 픽업
6701,BB
6702,ERP 사용 가능자
6703,비서업무라는 직무가 언급되었습니다.
6704,성적서 발행
6705,KS인증 추진
6706,초급자 네트워크 사내 교육 제공
6707,행정 업무 처리
6708,출하일정 조율
6709,수지분석표 작성
6710,공무 직원
6711,타공종과의 간섭 파악하기
6712,더존 SMART-A
6713,사무장 경험
6714,리소스 최적화
6715,국내 반려동물 박람회 준비
6716,민원응대
6717,노인복지학
6718,부자재 소요량 예측
6719,대원 등록
6720,고량주 제조
6721,자재 요청
6722,실시간 대응
6723,프로듀싱
6724,회사 전반적인 업무 지원
6725,부동산 자료 제공
6726,재무성과 평가
6727,창호
6728,자재 입출고 관리
6729,현장 설치
6730,CAD 프로그램 가능자
6731,일본어 능통
6732,사무지원
6733,보
6734,예산 수립하기
6735,현장 업무 지원
6736,기타 관련 업무
6737,이용현황 관리
6738,대응
6739,문서관리
6740,복합운송주선업
6741,제품 조립하기
6742,간단한 전화 영어
6743,시제품 사진
6744,운전면허 1종
6745,근무 환경
6746,정보처리기사
6747,거래처 관리
6748,인스타그램 업로드
6749,일반점검
6750,토공
6751,BY SMART FIBER 6KW
6752,해피니스컨트리클럽 레스토랑 홀 팀장 채용중에 있습니다.
6753,어플리케이션
6754,현장품질관리
6755,부자재 관리
6756,물류서비스 성과 관리
6757,활용능력 상급자
6758,교육통합관리시스템
6759,자가차량 소유자
6760,자료발송
6761,프로젝트 운영
6762,경쟁사 분석
6763,경조사 관련 업무
6764,기획기사 작성
6765,포장재료 선택하기
6766,홍진 사용
6767,후행대응
6768,미수금 관리
6769,표면처리제품판매
6770,캐디배치
6771,어플리케이션 구현
6772,소프트웨어구조 설계하기
6773,포토샵 자격증
6774,DB 관련 성능 시험
6775,포장재 관리
6776,세무관리
6777,건설기술인수첩
6778,생산 스케쥴 작성
6779,사무행정
6780,구매처 관리
6781,소방안전관리보조선임
6782,1톤 트럭 운전
6783,아파트 관리
6784,헤드헌팅
6785,일반 소모품
6786,전동차 방송
6787,온실공사
6788,부가가치세신고하기
6789,국내 박람회
6790,경험 보유자
6791,건설사 경영관리
6792,도면견적
6793,주유소 총괄책임자
6794,내역업무
6795,콜센터 관리자 경력
6796,생산인력 배치
6797,매장관리
6798,부동산 관리
6799,세무회계 업무
6800,노인복지
6801,지급대장 관리
6802,관련업체관리
6803,운영 유경험자
6804,엑셀 활용
6805,CCTV 관제
6806,산재사건처리
6807,기타 자격증
6808,하이브리드 앱 내 웹뷰와 웹간 CO-WORK
6809,일반 행정 업무
6810,운송업
6811,분양상품의 사업성 분석하기
6812,상거래 문서 작성
6813,캐드 프로그램 사용
6814,기술지원
6815,트레일러
6816,풍력발전
6817,고객관계 유지
6818,B2B운영
6819,회계총괄
6820,부자재 입출고관리
6821,지그
6822,AS전화접수
6823,영업채널 관리
6824,기성
6825,카피라이팅
6826,생산계획 수립하기
6827,단시간 업무
6828,농자재
6829,실행계획
6830,서류취합
6831,제조사
6832,원양어업 일반관리
6833,기계기술 유지관리
6834,컨퍼런스
6835,자재수급
6836,가스산업기사
6837,사업계획 수립하기
6838,부자재 구매
6839,웹사이트
6840,호기별 LOT 기입
6841,일반 자문사관리
6842,하차
6843,추천서 발급
6844,메뉴개발관리
6845,NETC#
6846,행정 보조
6847,기계유지 보수
6848,매입 자료 총괄 관리
6849,구동시스템 설계
6850,무역컨설팅
6851,사업성 검토
6852,기성관리
6853,간호분야
6854,빅데이터 서비스 성능 관리하기
6855,JAVA
6856,정부지원사업 관련 연구비관리 경험
6857,시설 유지
6858,설치 가능
6859,카피라이터 기획
6860,건설현장 4대보험 신고
6861,손익관리
6862,요양보호사
6863,방문객 응대
6864,식자재 물류 피킹
6865,티켓발권
6866,고무제품 생산 관리
6867,고객사 이동
6868,여성폭력방지업무 경력
6869,전반적인 시스템 구성
6870,설계관리
6871,라이브 커머스 기획
6872,수주활동
6873,DB
6874,지게차 운행
6875,이벤트 연출안 구성하기
6876,평생교육
6877,창고 오더접수
6878,상품등록 경험자
6879,협회 업무 실무
6880,치수
6881,자동차 운전
6882,결과보고하기
6883,영업판매관리
6884,연구
6885,사례조사 연구
6886,감리 대응
6887,출력 된 운송장을 상품에 부착
6888,UI
6889,출장관리
6890,행정
6891,예식상담
6892,개선 결과 보고
6893,고춧가루 생산
6894,유압프레스 설치
6895,마케팅전략 수립
6896,자재품질 기준 파악하기
6897,교육운영
6898,무역서류 작성
6899,RF CARD READER
6900,강연
6901,발표
6902,원격 모니터링 기능 개발
6903,세척
6904,스케줄 관리
6905,ERP 관련 업무
6906,오더 관리
6907,COMMERCIAL PLANNING
6908,제품공정
6909,운전면허증
6910,전표 입력
6911,교육 과정 개발
6912,요구사항 도출하기
6913,중국발주 관리
6914,카페
6915,공정 파악
6916,회선 관리
6917,동종업계 경력
6918,일반기계기사
6919,말소
6920,기물관리
6921,조직화
6922,분실물처리
6923,원부자재 관리
6924,견사청소
6925,건축관련학과 졸업자
6926,노사협의회 주관
6927,위생교육 관리
6928,선각 의장
6929,마케팅 기획
6930,견적서 보내기
6931,건설업 안전관리자
6932,차량운전
6933,경정비
6934,공공기관 지원사업
6935,PPT 사용가능자
6936,지게차운전기능사 자격증소유자
6937,모바일 앱
6938,정보 제공하기
6939,설비보전기사
6940,서버 관리
6941,광고 영업
6942,입고 자재 관리
6943,교수설계
6944,자체 ERP 관리
6945,안전시설 관리
6946,세척업무
6947,PRODUCER
6948,부자재 발주
6949,정비
6950,가상화
6951,ISO 90001
6952,불량 개선
6953,법인세신고
6954,제2외국어 가능하신 분
6955,부적합 관리
6956,분양
6957,부가가치세 부속서류 작성하기
6958,NHN
6959,환경 분석하기
6960,구글광고
6961,사후관리 대책 수립
6962,물류영업 기획
6963,ISO 9001 유경험자
6964,품질인증
6965,손익 관리하기
6966,PC활용
6967,행정 관련 업무
6968,재산세 신고
6969,전기 산업기사
6970,품의서 작성
6971,산재보상업무
6972,IOS 앱 개발 경험
6973,4대보험 대행
6974,승마용품
6975,구내
6976,장애인활동지원
6977,제어 알고리즘 설계하기
6978,자재운송
6979,각 기획전
6980,워드
6981,도매
6982,긍정적인 마인드 보유자
6983,이벤트 사후 관리하기
6984,건설 현장
6985,공종별 배치도 작성
6986,제작 자재 수급계획 수립 준비
6987,거래명세서
6988,SNS
6989,물동량관리
6990,관련 문서 작성
6991,토목건설현장 관리
6992,INVENTORY CONTROL
6993,소방안전관리
6994,엑셀프로그램 사용
6995,준공정산
6996,경리 사무업무
6997,해외공장에서의 의류제작과 관련한 업무 지원
6998,MS OFFICE 사용
6999,수출조건 협상하기
7000,품질개선
7001,원 · 부자재 환경조사 하기
7002,공구 사용의 이해
7003,클린룸 전문회사 실무경험
7004,기획안작성
7005,대인업무 유경험자
7006,수검지원
7007,밸브 부속품 구매 관리
7008,가격전략 수립
7009,생산 진척도 관리
7010,테스트 자동화에 대한 기본 지식
7011,상품 확인
7012,AIR DRYER
7013,현장투입관리
7014,검사결과 조치하기
7015,통신관련 고객 상담
7016,보수
7017,마당 입고 차량 물건 상하차
7018,디버깅기술
7019,LCL 수입
7020,MCT 가공 경험자
7021,사방넷
7022,원격 업무
7023,세무회계감정
7024,계약상품 관리
7025,HACCP 유지
7026,방문 응대하기
7027,성적서 작성
7028,OEM거래처의 상호작용
7029,마이크로미터
7030,HMP 상품 R
7031,대기환경산업기사
7032,수입 자재 통관 서류 정리
7033,관련업체협업
7034,전기 설비기사
7035,시스템 유지보수 수행
7036,품목제조신고
7037,수출컨테이너관리
7038,MOTOR CONTROL
7039,영업자료 산출
7040,원천 프로그램
7041,SNS 홍보
7042,출발
7043,창호시공
7044,현장 제품 재고파악
7045,제품개발
7046,토목관련학과
7047,확정
7048,가교방법
7049,상품 특성 분석
7050,흑마늘 제조
7051,PM 관리자
7052,기획력
7053,부품 수입
7054,화물 보관 출고
7055,자료 입력
